-- phpMyAdmin SQL Dump
-- version 5.1.1
-- https://www.phpmyadmin.net/
--
-- Host: 127.0.0.1
-- Generation Time: Apr 27, 2023 at 12:40 PM
-- Server version: 10.4.22-MariaDB
-- PHP Version: 8.1.1

SET SQL_MODE = "NO_AUTO_VALUE_ON_ZERO";
START TRANSACTION;
SET time_zone = "+00:00";


/*!40101 SET @OLD_CHARACTER_SET_CLIENT=@@CHARACTER_SET_CLIENT */;
/*!40101 SET @OLD_CHARACTER_SET_RESULTS=@@CHARACTER_SET_RESULTS */;
/*!40101 SET @OLD_COLLATION_CONNECTION=@@COLLATION_CONNECTION */;
/*!40101 SET NAMES utf8mb4 */;

--
-- Database: `realestatephp`
--

-- --------------------------------------------------------

--
-- Table structure for table `about`
--

CREATE TABLE `about` (
  `id` int(10) NOT NULL,
  `title` varchar(100) NOT NULL,
  `content` longtext NOT NULL,
  `image` varchar(300) NOT NULL
) ENGINE=InnoDB DEFAULT CHARSET=utf8mb4;

--
-- Dumping data for table `about`
--

INSERT INTO `about` (`id`, `title`, `content`, `image`) VALUES
(3, 'About us', '<p>Welcome to Dream House, your ultimate destination for all your real estate needs. We are a premier online marketplace connecting buyers, agents, builders, and property owners in a seamless and hassle-free manner.</p>', 'photo-1613490493576-7fde63acd811.jpg');

-- --------------------------------------------------------

--
-- Table structure for table `admin`
--

CREATE TABLE `admin` (
  `aid` int(10) NOT NULL,
  `auser` varchar(50) NOT NULL,
  `aemail` varchar(50) NOT NULL,
  `apass` varchar(50) NOT NULL,
  `aphone` varchar(15) NOT NULL,
  `aimage` varchar(300) NOT NULL
) ENGINE=InnoDB DEFAULT CHARSET=utf8mb4;

--
-- Dumping data for table `admin`
--

INSERT INTO `admin` (`aid`, `auser`, `aemail`, `apass`, `aphone`, `aimage`) VALUES
(21, 'ruchit ', 'ruchitmoradiya7272@gmail.com', '7110eda4d09e062aa5e4a390b0a572ac0d2c0220', '2423546574', 'portrait_young_indian_top_manager_t_shirt_tie_crossed_arms_smiling.jpg');

-- --------------------------------------------------------

--
-- Table structure for table `city`
--

CREATE TABLE `city` (
  `cid` int(50) NOT NULL,
  `cname` varchar(100) NOT NULL,
  `sid` int(50) NOT NULL
) ENGINE=InnoDB DEFAULT CHARSET=utf8mb4;

--
-- Dumping data for table `city`
--

INSERT INTO `city` (`cid`, `cname`, `sid`) VALUES
(1, 'surat', 1),
(2, 'Ahmedabad', 1),
(3, 'Rajkot', 1),
(4, 'Coimbatore', 2),
(5, 'Madurai', 2),
(6, 'Howrah', 3),
(7, 'Durgapur', 3),
(8, 'Chennai', 2),
(9, 'Kolkata', 3),
(10, 'Bangalore', 4),
(11, 'Hubballi‑Dharwad', 4),
(12, 'Mysore', 4),
(13, 'Indore', 5),
(14, 'Bhopal', 5),
(15, 'Gwalior', 5),
(16, 'Mumbai', 6),
(17, 'Pune', 6),
(18, '	Nagpur', 6),
(20, '	Ludhiana', 7),
(21, '	Amritsar', 7),
(22, '	Jalandhar', 7),
(23, '	Jaipur', 8),
(24, '	Jodhpur', 8),
(25, '	Kota', 8),
(26, 'Dehradun', 9),
(27, 'Nainital', 9),
(28, 'Almora', 9);

-- --------------------------------------------------------

--
-- Table structure for table `codes`
--

CREATE TABLE `codes` (
  `id` int(11) NOT NULL,
  `email` varchar(100) NOT NULL,
  `code` varchar(5) NOT NULL,
  `expire` int(11) NOT NULL
) ENGINE=InnoDB DEFAULT CHARSET=utf8mb4;

--
-- Dumping data for table `codes`
--

INSERT INTO `codes` (`id`, `email`, `code`, `expire`) VALUES
(20, 'ruchitmoradiya7373@gmail.com', '15315', 1680584406),
(21, 'rv782448@gmail.com', '67249', 1680601306),
(22, 'rv782448@gmail.com', '85227', 1680601526),
(23, 'rv782448@gmail.com', '20399', 1680601562),
(24, 'rv782448@gmail.com', '63897', 1680601811),
(25, 'rv782448@gmail.com', '38599', 1680602072),
(26, 'rv782448@gmail.com', '29537', 1680678436),
(27, 'hiteshpatel21@gmail.com', '14908', 1682576506),
(28, 'hiteshpatel21@gmail.com', '50693', 1682576646),
(29, 'hiteshpatel21@gmail.com', '69727', 1682576877),
(30, 'jaydomadiya3101@gmail.com', '21355', 1682578975);

-- --------------------------------------------------------

--
-- Table structure for table `contact`
--

CREATE TABLE `contact` (
  `cid` int(50) NOT NULL,
  `name` varchar(100) NOT NULL,
  `email` varchar(100) NOT NULL,
  `phone` varchar(20) NOT NULL,
  `subject` varchar(100) NOT NULL,
  `message` varchar(250) NOT NULL
) ENGINE=InnoDB DEFAULT CHARSET=utf8mb4;

--
-- Dumping data for table `contact`
--

INSERT INTO `contact` (`cid`, `name`, `email`, `phone`, `subject`, `message`) VALUES
(8, 'ruchit', 'rv782448@gmail.com', '8866638924', 'sale property', 'gauhdkusdiuasdauidhasiudhaiushd');

-- --------------------------------------------------------

--
-- Table structure for table `feedback`
--

CREATE TABLE `feedback` (
  `fid` int(50) NOT NULL,
  `uid` int(50) NOT NULL,
  `fdescription` varchar(100) NOT NULL,
  `status` int(1) NOT NULL,
  `date` datetime NOT NULL DEFAULT current_timestamp()
) ENGINE=InnoDB DEFAULT CHARSET=utf8mb4;

--
-- Dumping data for table `feedback`
--

INSERT INTO `feedback` (`fid`, `uid`, `fdescription`, `status`, `date`) VALUES
(6, 54, 'yfncusdbcuibcinciuzbvsduin zcsduicius', 1, '2023-04-04 16:10:15'),
(7, 62, 'THIS IS GOOD AGENTS FOR THE BEST SERCH IN  BEST LOCATION HOUSE', 1, '2023-04-18 17:26:52'),
(8, 61, 'No Power Cuts, Low, Pollution Average Road Condition, Good suggest\r\nproperty.', 1, '2023-04-27 10:49:43');

-- --------------------------------------------------------

--
-- Table structure for table `property`
--

CREATE TABLE `property` (
  `pid` int(50) NOT NULL,
  `title` varchar(200) NOT NULL,
  `pcontent` longtext NOT NULL,
  `type` varchar(100) NOT NULL,
  `bhk` varchar(50) NOT NULL,
  `stype` varchar(100) NOT NULL,
  `bedroom` int(50) NOT NULL,
  `bathroom` int(50) NOT NULL,
  `balcony` int(50) NOT NULL,
  `kitchen` int(50) NOT NULL,
  `hall` int(50) NOT NULL,
  `floor` varchar(50) NOT NULL,
  `size` int(50) NOT NULL,
  `price` int(50) NOT NULL,
  `location` varchar(200) NOT NULL,
  `city` varchar(100) NOT NULL,
  `state` varchar(100) NOT NULL,
  `feature` longtext NOT NULL,
  `pimage` varchar(300) NOT NULL,
  `pimage1` varchar(300) NOT NULL,
  `pimage2` varchar(300) NOT NULL,
  `pimage3` varchar(300) NOT NULL,
  `pimage4` varchar(300) NOT NULL,
  `uid` int(50) NOT NULL,
  `status` varchar(50) NOT NULL,
  `mapimage` varchar(300) NOT NULL,
  `topmapimage` varchar(300) NOT NULL,
  `groundmapimage` varchar(300) NOT NULL,
  `totalfloor` varchar(50) NOT NULL,
  `date` datetime NOT NULL DEFAULT current_timestamp(),
  `isFeatured` int(11) DEFAULT NULL
) ENGINE=InnoDB DEFAULT CHARSET=utf8mb4;

--
-- Dumping data for table `property`
--

INSERT INTO `property` (`pid`, `title`, `pcontent`, `type`, `bhk`, `stype`, `bedroom`, `bathroom`, `balcony`, `kitchen`, `hall`, `floor`, `size`, `price`, `location`, `city`, `state`, `feature`, `pimage`, `pimage1`, `pimage2`, `pimage3`, `pimage4`, `uid`, `status`, `mapimage`, `topmapimage`, `groundmapimage`, `totalfloor`, `date`, `isFeatured`) VALUES
(42, 'Ambika hights', '<p>&nbsp;overlooking farmlands and the Tapi River. It is dominated by mid-segment to premium residential multi-storied apartments, villas, row-houses, and plots. Residential developments in Pal are driven by proximity to airport, Hazira Port, Suvali and Dumas beaches, and social amenities; along with a developed civic infrastructure. It adjoins other prime residential areas of Adajan, and Palanpur. Many completed, as well as under-construction residential projects in the area are Shreepad Park Arena, Blu Sparsh, Blu Quince, Galaxy Aventura, Vaishnodevi Kingston, and Green City Gold</p>', 'apartment', '3 BHK', 'sale', 3, 2, 1, 1, 1, '3rd Floor', 1200, 4000000, 'Ambika hights chennai tamilnadu', 'chennai', 'Tamil Nadu', '<p>&nbsp;</p>\r\n<!---feature area start--->\r\n<div class=\"col-md-4\">\r\n<ul>\r\n<li class=\"mb-3\"><span class=\"text-secondary font-weight-bold\">Property Age : </span>10 Years</li>\r\n<li class=\"mb-3\"><span class=\"text-secondary font-weight-bold\">Swiming Pool : </span>Yes</li>\r\n<li class=\"mb-3\"><span class=\"text-secondary font-weight-bold\">Parking : </span>Yes</li>\r\n<li class=\"mb-3\"><span class=\"text-secondary font-weight-bold\">GYM : </span>Yes</li>\r\n</ul>\r\n</div>\r\n<div class=\"col-md-4\">\r\n<ul>\r\n<li class=\"mb-3\"><span class=\"text-secondary font-weight-bold\">Type : </span>Apartment</li>\r\n<li class=\"mb-3\"><span class=\"text-secondary font-weight-bold\">Security : </span>Yes</li>\r\n<li class=\"mb-3\"><span class=\"text-secondary font-weight-bold\">Dining Capacity : </span>10 People</li>\r\n<li class=\"mb-3\"><span class=\"text-secondary font-weight-bold\">Church/Temple : </span>No</li>\r\n</ul>\r\n</div>\r\n<div class=\"col-md-4\">\r\n<ul>\r\n<li class=\"mb-3\"><span class=\"text-secondary font-weight-bold\">3rd Party : </span>No</li>\r\n<li class=\"mb-3\"><span class=\"text-secondary font-weight-bold\">Elevator : </span>Yes</li>\r\n<li class=\"mb-3\"><span class=\"text-secondary font-weight-bold\">CCTV : </span>Yes</li>\r\n<li class=\"mb-3\"><span class=\"text-secondary font-weight-bold\">Water Supply : </span>Ground Water / Tank</li>\r\n</ul>\r\n</div>\r\n<!---feature area end---->\r\n<p>&nbsp;</p>', '01-435-ch-ste-foy-1.jpg', '650ffc6667b7d247fcb541a7368187c8e-f4264149234od-w1024_h768_x2.webp', '650ffc6667b7d247fcb541a7368187c8i-f2039402565od-w1024_h768_x2.webp', '650ffc6667b7d247fcb541a7368187c8i-f3417009021od-w1024_h768_x2.webp', '650ffc6667b7d247fcb541a7368187c8i-f3241162524od-w1024_h768_x2.webp', 62, 'available', '650ffc6667b7d247fcb541a7368187c8p-f3867426088od-w1024_h768_x2.webp', '650ffc6667b7d247fcb541a7368187c8p-f2240609047od-w1024_h768_x2.webp', '650ffc6667b7d247fcb541a7368187c8p-f2934778555od-w1024_h768_x2.webp', '8 Floor', '2023-04-18 01:20:40', 1),
(43, 'Royal Residency', '<p>&nbsp;This Residential House of total 1 floors faces East &amp; overlooks Main Road offering a beautiful view from the house, with airy interiors. The age of construction for this apartment Residential House is between 10 to 15 years. High quality flooring of types Marble are available in different rooms</p>', 'house', '3 BHK', 'sale', 2, 2, 1, 1, 1, '1st Floor', 2500, 25000000, 'Tulip bungalow, Thaltej, Ahmedabad', 'Ahmedabad', 'Gujarat', '<p>&nbsp;</p>\r\n<!---feature area start--->\r\n<div class=\"col-md-4\">\r\n<ul>\r\n<li class=\"mb-3\"><span class=\"text-secondary font-weight-bold\">Property Age : </span>10 Years</li>\r\n<li class=\"mb-3\"><span class=\"text-secondary font-weight-bold\">Swiming Pool : </span>Yes</li>\r\n<li class=\"mb-3\"><span class=\"text-secondary font-weight-bold\">Parking : </span>Yes</li>\r\n<li class=\"mb-3\"><span class=\"text-secondary font-weight-bold\">GYM : </span>Yes</li>\r\n</ul>\r\n</div>\r\n<div class=\"col-md-4\">\r\n<ul>\r\n<li class=\"mb-3\"><span class=\"text-secondary font-weight-bold\">Type : House</span></li>\r\n<li class=\"mb-3\"><span class=\"text-secondary font-weight-bold\">Security : </span>Yes</li>\r\n<li class=\"mb-3\"><span class=\"text-secondary font-weight-bold\">Dining Capacity : </span>10 People</li>\r\n<li class=\"mb-3\"><span class=\"text-secondary font-weight-bold\">Church/Temple : </span>No</li>\r\n</ul>\r\n</div>\r\n<div class=\"col-md-4\">\r\n<ul>\r\n<li class=\"mb-3\"><span class=\"text-secondary font-weight-bold\">3rd Party : </span>No</li>\r\n<li class=\"mb-3\"><span class=\"text-secondary font-weight-bold\">Elevator : </span>Yes</li>\r\n<li class=\"mb-3\"><span class=\"text-secondary font-weight-bold\">CCTV : </span>Yes</li>\r\n<li class=\"mb-3\"><span class=\"text-secondary font-weight-bold\">Water Supply : </span>Ground Water / Tank</li>\r\n</ul>\r\n</div>\r\n<!---feature area end---->\r\n<p>&nbsp;</p>', 'download-23.jpg', '6a2227b3226b68f66fc62401b32a660bc-f742967263od-w1024_h768_x2.webp', '6a2227b3226b68f66fc62401b32a660bc-f1234384993od-w1024_h768_x2.webp', 'f434cb7d25a2d5384847a9323c7d7639l-m1635690455od-w480_h360_x2.webp', 'c0146de7183c660b4273c1d7d9210c97l-m2467139198od-w1024_h768_x2.webp', 65, 'available', '209d6f3896b1a9f4ff1c6fd53cd9e788.jpg', 'Low-Budget-Modern-3-Bedroom-House-Design.webp', '2bedroom-indian-style-plan.jpg', '3 Floor', '2023-04-18 01:34:02', 1),
(44, 'Rajhans Laxria', '<p>Spanning over an area of 370 sqm (approx.) this sea-facing residence boasts of one of the largest linear residential spaces in the posh neighbourhood of Bandra West.</p>\r\n<p>&nbsp;</p>\r\n<p>Housed within one of Mumbai&rsquo;s finest contemporary buildings and tucked away in a quiet, sun-dappled lane, accessibility to the rest of the city is seamless given its proximity to the Bandra Worli Sea Link and the highway.</p>\r\n<p>&nbsp;</p>\r\n<p>Private carded access elevators fitted with biometrically controlled main doors open to a spacious foyer fitted with Italian marble which flows throughout the home for lease in Mumbai.</p>', 'flat', '4 BHK', 'rent', 4, 3, 1, 1, 1, '4th Floor', 2546, 33000, 'Bandra West Mumbai, Maharashtra', 'Mumbai', ' Maharashtra', '<p>&nbsp;</p>\r\n<!---feature area start--->\r\n<div class=\"col-md-4\">\r\n<ul>\r\n<li class=\"mb-3\"><span class=\"text-secondary font-weight-bold\">Property Age : </span>10 Years</li>\r\n<li class=\"mb-3\"><span class=\"text-secondary font-weight-bold\">Swiming Pool : </span>Yes</li>\r\n<li class=\"mb-3\"><span class=\"text-secondary font-weight-bold\">Parking : </span>Yes</li>\r\n<li class=\"mb-3\"><span class=\"text-secondary font-weight-bold\">GYM : </span>Yes</li>\r\n</ul>\r\n</div>\r\n<div class=\"col-md-4\">\r\n<ul>\r\n<li class=\"mb-3\"><span class=\"text-secondary font-weight-bold\">Type : Flate</span></li>\r\n<li class=\"mb-3\"><span class=\"text-secondary font-weight-bold\">Security : </span>Yes</li>\r\n<li class=\"mb-3\"><span class=\"text-secondary font-weight-bold\">Dining Capacity : </span>10 People</li>\r\n<li class=\"mb-3\"><span class=\"text-secondary font-weight-bold\">Church/Temple : </span>No</li>\r\n</ul>\r\n</div>\r\n<div class=\"col-md-4\">\r\n<ul>\r\n<li class=\"mb-3\"><span class=\"text-secondary font-weight-bold\">3rd Party : </span>No</li>\r\n<li class=\"mb-3\"><span class=\"text-secondary font-weight-bold\">Elevator : </span>Yes</li>\r\n<li class=\"mb-3\"><span class=\"text-secondary font-weight-bold\">CCTV : </span>Yes</li>\r\n<li class=\"mb-3\"><span class=\"text-secondary font-weight-bold\">Water Supply : </span>Ground Water / Tank</li>\r\n</ul>\r\n</div>\r\n<!---feature area end---->\r\n<p>&nbsp;</p>', 'private-room-15418374.jpg', 'c0146de7183c660b4273c1d7d9210c97l-m3643900016od-w1024_h768_x2.webp', 'c0146de7183c660b4273c1d7d9210c97l-m1659809359od-w1024_h768_x2.webp', 'c0146de7183c660b4273c1d7d9210c97l-m325496617od-w1024_h768_x2.webp', 'c0146de7183c660b4273c1d7d9210c97l-m2603884469od-w1024_h768_x2.webp', 65, 'available', '20-By-20-House-Plan.jpg', 'product-jpeg-500x500.webp', 'Low-Budget-Modern-3-Bedroom-House-Design.webp', '9 Floor', '2023-04-18 01:42:49', 1),
(45, 'Great Escape', '<p>A villa is&nbsp;<strong>a type of house that was originally an ancient Roman upper class country house</strong>. Since its origins in the Roman villa, the idea and function of a villa have evolved considerably.</p>\r\n<p>With about 270 sq. meters, on three levels, the villa, which is accessed through remote-controlled electric gates, features on the ground floor a large and bright 70 m&sup2;<a title=\"Livingroom\" href=\"https://mynicevilla.com/livingroom/\">&nbsp;Living room</a>&nbsp;comfortably furnished, with a baby grand piano and a flat panel TV (HD, with French channels as well as Netflix). &nbsp;From there, you access the&nbsp;<a title=\"Dining room\" href=\"https://mynicevilla.com/dining-room/\">Dining room</a>&nbsp;with large windows overlooking the sea, and a fully equipped&nbsp;<a href=\"https://mynicevilla.com/the_kitchen/\">Kitchen&nbsp;</a>(American refrigerator, oven, microwave oven, dishwasher, induction plates, coffee maker (regular+Nespresso), etc.) with a counter and seating area.</p>', 'villa', '4 BHK', 'sale', 4, 3, 2, 1, 1, '2nd Floor', 7800, 13600000, '95, 29th Main Rd, EWS Colony, banglore', 'Bengaluru', 'Karnataka', '<p>&nbsp;</p>\r\n<!---feature area start--->\r\n<div class=\"col-md-4\">\r\n<ul>\r\n<li class=\"mb-3\"><span class=\"text-secondary font-weight-bold\">Property Age : </span>10 Years</li>\r\n<li class=\"mb-3\"><span class=\"text-secondary font-weight-bold\">Swiming Pool : </span>Yes</li>\r\n<li class=\"mb-3\"><span class=\"text-secondary font-weight-bold\">Parking : </span>Yes</li>\r\n<li class=\"mb-3\"><span class=\"text-secondary font-weight-bold\">GYM : </span>Yes</li>\r\n</ul>\r\n</div>\r\n<div class=\"col-md-4\">\r\n<ul>\r\n<li class=\"mb-3\"><span class=\"text-secondary font-weight-bold\">Type : Villa</span></li>\r\n<li class=\"mb-3\"><span class=\"text-secondary font-weight-bold\">Security : </span>Yes</li>\r\n<li class=\"mb-3\"><span class=\"text-secondary font-weight-bold\">Dining Capacity : </span>10 People</li>\r\n<li class=\"mb-3\"><span class=\"text-secondary font-weight-bold\">Church/Temple : </span>No</li>\r\n</ul>\r\n</div>\r\n<div class=\"col-md-4\">\r\n<ul>\r\n<li class=\"mb-3\"><span class=\"text-secondary font-weight-bold\">3rd Party : </span>No</li>\r\n<li class=\"mb-3\"><span class=\"text-secondary font-weight-bold\">Elevator : </span>Yes</li>\r\n<li class=\"mb-3\"><span class=\"text-secondary font-weight-bold\">CCTV : </span>Yes</li>\r\n<li class=\"mb-3\"><span class=\"text-secondary font-weight-bold\">Water Supply : </span>Ground Water / Tank</li>\r\n</ul>\r\n</div>\r\n<!---feature area end---->\r\n<p>&nbsp;</p>', 'Header.jpg', '19ffca42035e8c7a6fe9f04c77db1006l-m771841985od-w1024_h768_x2.webp', '19ffca42035e8c7a6fe9f04c77db1006l-m1300062196od-w1024_h768_x2.webp', 'f434cb7d25a2d5384847a9323c7d7639l-m2557242236od-w480_h360_x2.webp', 'f434cb7d25a2d5384847a9323c7d7639l-m3660558852od-w480_h360_x2.webp', 65, 'available', '209d6f3896b1a9f4ff1c6fd53cd9e788.jpg', 'images.jpg', '1000-Sq-Ft-House-Plans-3-Bedroom-Indian-Style-724x1024.jpg', '2 Floor', '2023-04-18 10:10:57', 1),
(47, 'The Dorm Room', '', 'apartment', '5 BHK', 'rent', 5, 3, 2, 1, 1, '3rd Floor', 2625, 20000, ' ora school, Coimbatore', 'Coimbatore', 'Tamil Nadu', '<p>&nbsp;</p>\r\n<!---feature area start--->\r\n<div class=\"col-md-4\">\r\n<ul>\r\n<li class=\"mb-3\"><span class=\"text-secondary font-weight-bold\">Property Age : </span>10 Years</li>\r\n<li class=\"mb-3\"><span class=\"text-secondary font-weight-bold\">Swiming Pool : </span>Yes</li>\r\n<li class=\"mb-3\"><span class=\"text-secondary font-weight-bold\">Parking : </span>Yes</li>\r\n<li class=\"mb-3\"><span class=\"text-secondary font-weight-bold\">GYM : </span>Yes</li>\r\n</ul>\r\n</div>\r\n<div class=\"col-md-4\">\r\n<ul>\r\n<li class=\"mb-3\"><span class=\"text-secondary font-weight-bold\">Type : </span>Apartment</li>\r\n<li class=\"mb-3\"><span class=\"text-secondary font-weight-bold\">Security : </span>Yes</li>\r\n<li class=\"mb-3\"><span class=\"text-secondary font-weight-bold\">Dining Capacity : </span>10 People</li>\r\n<li class=\"mb-3\"><span class=\"text-secondary font-weight-bold\">Church/Temple : </span>No</li>\r\n</ul>\r\n</div>\r\n<div class=\"col-md-4\">\r\n<ul>\r\n<li class=\"mb-3\"><span class=\"text-secondary font-weight-bold\">3rd Party : </span>No</li>\r\n<li class=\"mb-3\"><span class=\"text-secondary font-weight-bold\">Elevator : </span>Yes</li>\r\n<li class=\"mb-3\"><span class=\"text-secondary font-weight-bold\">CCTV : </span>Yes</li>\r\n<li class=\"mb-3\"><span class=\"text-secondary font-weight-bold\">Water Supply : </span>Ground Water / Tank</li>\r\n</ul>\r\n</div>\r\n<!---feature area end---->\r\n<p>&nbsp;</p>', 'india_mst_avahan-balianta_2-bhubaneswar-india_propex.webp', 'dbabfe4bc062926cde1d66f9d6b0b47dl-m687188821od-w1024_h768_x2.webp', '4_bhk_independent_house-for-sale-thaltej-Ahmedabad-bedroom.jpg.webp', '2_bhk_independent_house-for-sale-south_bopal-Ahmedabad-hall.jpg (1).webp', '3_bhk_independent_house-for-sale-chanakyapuri_ahmedabad-Ahmedabad-hall.jpg (1).webp', 65, 'available', '41841-1l.webp', 'Low-Budget-Modern-3-Bedroom-House-Design.webp', '1635158846_832.jpg', '9 Floor', '2023-04-18 11:04:14', 1),
(50, 'The Casita', '<p>Presenting, Hallmark Treasor - an address that is an oasis of calm, peace and magnificence in the&nbsp;<a href=\"https://www.quikr.com/homes/property/residential-projects-for-sale-in-hyderabad-cid_28\" target=\"_blank\" rel=\"noopener\"><strong>hustle-bustle of the city. </strong></a>Your home will now serve as a perfect getaway after a tiring day at work, as Hallmark Treasor ambiance will make you forget that you are in the heart of the city, Kokapet.&nbsp;</p>', 'apartment', '1 BHK', 'rent', 1, 1, 1, 1, 1, '3rd Floor', 880, 7500, 'Amrawad Khurd, Bhopal', 'Bhopal', 'Madhya Pradesh', '<p>&nbsp;</p>\r\n<!---feature area start--->\r\n<div class=\"col-md-4\">\r\n<ul>\r\n<li class=\"mb-3\"><span class=\"text-secondary font-weight-bold\">Property Age : </span>10 Years</li>\r\n<li class=\"mb-3\"><span class=\"text-secondary font-weight-bold\">Swiming Pool : </span>Yes</li>\r\n<li class=\"mb-3\"><span class=\"text-secondary font-weight-bold\">Parking : </span>Yes</li>\r\n<li class=\"mb-3\"><span class=\"text-secondary font-weight-bold\">GYM : </span>Yes</li>\r\n</ul>\r\n</div>\r\n<div class=\"col-md-4\">\r\n<ul>\r\n<li class=\"mb-3\"><span class=\"text-secondary font-weight-bold\">Type : </span>Apartment</li>\r\n<li class=\"mb-3\"><span class=\"text-secondary font-weight-bold\">Security : </span>Yes</li>\r\n<li class=\"mb-3\"><span class=\"text-secondary font-weight-bold\">Dining Capacity : </span>10 People</li>\r\n<li class=\"mb-3\"><span class=\"text-secondary font-weight-bold\">Church/Temple : </span>No</li>\r\n</ul>\r\n</div>\r\n<div class=\"col-md-4\">\r\n<ul>\r\n<li class=\"mb-3\"><span class=\"text-secondary font-weight-bold\">3rd Party : </span>No</li>\r\n<li class=\"mb-3\"><span class=\"text-secondary font-weight-bold\">Elevator : </span>Yes</li>\r\n<li class=\"mb-3\"><span class=\"text-secondary font-weight-bold\">CCTV : </span>Yes</li>\r\n<li class=\"mb-3\"><span class=\"text-secondary font-weight-bold\">Water Supply : </span>Ground Water / Tank</li>\r\n</ul>\r\n</div>\r\n<!---feature area end---->\r\n<p>&nbsp;</p>', 'foto_zimmo_5b5b267970cc6c36d7fcaac8456134ba.jpg', '2_bhk_independent_house-for-sale-south_bopal-Ahmedabad-hall.jpg (2).webp', '2_bhk_independent_house-for-sale-south_bopal-Ahmedabad-hall.jpg (1).webp', '2_bhk_independent_house-for-sale-south_bopal-Ahmedabad-kitchen.jpg.webp', 'f9019e317851489b39d898374a0dddf7c-f2913191470od-w1024_h768_x2.webp', 62, 'sold out', '2bedroom-indian-style-plan.jpg', '1000-Sq-Ft-House-Plans-3-Bedroom-Indian-Style-724x1024.jpg', '209d6f3896b1a9f4ff1c6fd53cd9e788.jpg', '5 Floor', '2023-04-19 11:31:52', 1),
(51, 'The Bend Villa', '<p><span class=\"sc-dxhf6u-0 beyaFd sc-42mqda-0 vThrL\">Its a Residential Duplex</span><br /><span class=\"sc-dxhf6u-0 beyaFd sc-42mqda-0 vThrL\">Plot Area -840 sq.ft.</span><br /><span class=\"sc-dxhf6u-0 beyaFd sc-42mqda-0 vThrL\">Super Built-up Area - 1398</span><br /><span class=\"sc-dxhf6u-0 beyaFd sc-42mqda-0 vThrL\">Selling price- 46 lac.</span><br /><span class=\"sc-dxhf6u-0 beyaFd sc-42mqda-0 vThrL\">Accommodation 2 bedroom D/d , Kitchen 2 Balcony</span><br /><span class=\"sc-dxhf6u-0 beyaFd sc-42mqda-0 vThrL\">Bathroom 3 Toilets</span><br /><span class=\"sc-dxhf6u-0 beyaFd sc-42mqda-0 vThrL\">property Code -158</span></p>', 'flat', '2 BHK', 'sale', 2, 2, 2, 1, 1, '5th Floor', 840, 3500000, 'Katara Hills, Ludhiana', 'Ludhiana', 'Punjab', '<p>&nbsp;</p>\r\n<!---feature area start--->\r\n<div class=\"col-md-4\">\r\n<ul>\r\n<li class=\"mb-3\"><span class=\"text-secondary font-weight-bold\">Property Age : </span>10 Years</li>\r\n<li class=\"mb-3\"><span class=\"text-secondary font-weight-bold\">Swiming Pool : </span>Yes</li>\r\n<li class=\"mb-3\"><span class=\"text-secondary font-weight-bold\">Parking : </span>Yes</li>\r\n<li class=\"mb-3\"><span class=\"text-secondary font-weight-bold\">GYM : </span>Yes</li>\r\n</ul>\r\n</div>\r\n<div class=\"col-md-4\">\r\n<ul>\r\n<li class=\"mb-3\"><span class=\"text-secondary font-weight-bold\">Type : Flate</span></li>\r\n<li class=\"mb-3\"><span class=\"text-secondary font-weight-bold\">Security : </span>Yes</li>\r\n<li class=\"mb-3\"><span class=\"text-secondary font-weight-bold\">Dining Capacity : </span>10 People</li>\r\n<li class=\"mb-3\"><span class=\"text-secondary font-weight-bold\">Church/Temple : </span>No</li>\r\n</ul>\r\n</div>\r\n<div class=\"col-md-4\">\r\n<ul>\r\n<li class=\"mb-3\"><span class=\"text-secondary font-weight-bold\">3rd Party : </span>No</li>\r\n<li class=\"mb-3\"><span class=\"text-secondary font-weight-bold\">Elevator : </span>Yes</li>\r\n<li class=\"mb-3\"><span class=\"text-secondary font-weight-bold\">CCTV : </span>Yes</li>\r\n<li class=\"mb-3\"><span class=\"text-secondary font-weight-bold\">Water Supply : </span>Ground Water / Tank</li>\r\n</ul>\r\n</div>\r\n<!---feature area end---->\r\n<p>&nbsp;</p>', 'pexels-george-becker-129494.jpg', 'c0146de7183c660b4273c1d7d9210c97l-m2100672002od-w1024_h768_x2.webp', 'c0146de7183c660b4273c1d7d9210c97l-m2603884469od-w1024_h768_x2.webp', 'f9019e317851489b39d898374a0dddf7c-f3401415431od-w1024_h768_x2.webp', '0cedd7c152d659dbfa680bbafb03c9c5c-f2450404245od-w480_h360_x2.webp', 62, 'sold out', 'fs.jpeg (2).webp', 'fs.jpeg (9).webp', 'fs.jpeg (8).webp', '10 Floor', '2023-04-19 11:41:29', 1),
(52, 'La Casa', '<p>La Casa in Madhyamgram, Kolkata North is a ready-to-move housing society. It offers Flate in varied budget range. These units are a perfect combination of comfort and style, specifically designed to suit your requirements and conveniences. There are 1BHK, 2BHK&nbsp; 3BHK and 5BHK Apartments available in this project.</p>', 'flat', '5 BHK', 'sale', 5, 4, 2, 1, 1, '5th Floor', 7800, 4550000, 'Madhyamgram, Kolkata North', 'Kolkata', 'West Bangal', '<p>&nbsp;</p>\r\n<!---feature area start--->\r\n<div class=\"col-md-4\">\r\n<ul>\r\n<li class=\"mb-3\"><span class=\"text-secondary font-weight-bold\">Property Age : </span>10 Years</li>\r\n<li class=\"mb-3\"><span class=\"text-secondary font-weight-bold\">Swiming Pool : </span>Yes</li>\r\n<li class=\"mb-3\"><span class=\"text-secondary font-weight-bold\">Parking : </span>Yes</li>\r\n<li class=\"mb-3\"><span class=\"text-secondary font-weight-bold\">GYM : </span>Yes</li>\r\n</ul>\r\n</div>\r\n<div class=\"col-md-4\">\r\n<ul>\r\n<li class=\"mb-3\"><span class=\"text-secondary font-weight-bold\">Type : Flate</span></li>\r\n<li class=\"mb-3\"><span class=\"text-secondary font-weight-bold\">Security : </span>Yes</li>\r\n<li class=\"mb-3\"><span class=\"text-secondary font-weight-bold\">Dining Capacity : </span>10 People</li>\r\n<li class=\"mb-3\"><span class=\"text-secondary font-weight-bold\">Church/Temple : </span>No</li>\r\n</ul>\r\n</div>\r\n<div class=\"col-md-4\">\r\n<ul>\r\n<li class=\"mb-3\"><span class=\"text-secondary font-weight-bold\">3rd Party : </span>No</li>\r\n<li class=\"mb-3\"><span class=\"text-secondary font-weight-bold\">Elevator : </span>Yes</li>\r\n<li class=\"mb-3\"><span class=\"text-secondary font-weight-bold\">CCTV : </span>Yes</li>\r\n<li class=\"mb-3\"><span class=\"text-secondary font-weight-bold\">Water Supply : </span>Ground Water / Tank</li>\r\n</ul>\r\n</div>\r\n<!---feature area end---->\r\n<p>&nbsp;</p>', 'Buying a commercial property.webp', '5490908e53f3d76eebdc438bb64885f6c-f1600017779od-w1024_h768_x2.webp', '5490908e53f3d76eebdc438bb64885f6c-f3273175185od-w1024_h768_x2.webp', '5490908e53f3d76eebdc438bb64885f6c-f3611384753od-w1024_h768_x2.webp', '5490908e53f3d76eebdc438bb64885f6c-f1734440900od-w1024_h768_x2.webp', 83, 'sold out', 'images.jpg', '41841-1l.webp', '1000-Sq-Ft-House-Plans-3-Bedroom-Indian-Style-724x1024.jpg', '15 Floor', '2023-04-19 12:13:00', 1),
(53, 'Steven Stone villa', '<p>Looking for buyer to purchase our farmhouse available for sale in alibaug, mumbai navi. Available at . It has super area of 10589 sq m. It has 5 bhk, 4 bathroom, 4 balcony.It is a freehold property</p>', 'villa', '5 BHK', 'sale', 5, 4, 4, 1, 1, '1st Floor', 10589, 65000000, 'Alibaug, Navi Mumbai, Mumbai', 'Mumbai', 'Maharashtra', '<p>&nbsp;</p>\r\n<!---feature area start--->\r\n<div class=\"col-md-4\">\r\n<ul>\r\n<li class=\"mb-3\"><span class=\"text-secondary font-weight-bold\">Property Age : </span>10 Years</li>\r\n<li class=\"mb-3\"><span class=\"text-secondary font-weight-bold\">Swiming Pool : </span>Yes</li>\r\n<li class=\"mb-3\"><span class=\"text-secondary font-weight-bold\">Parking : </span>Yes</li>\r\n<li class=\"mb-3\"><span class=\"text-secondary font-weight-bold\">GYM : </span>Yes</li>\r\n</ul>\r\n</div>\r\n<div class=\"col-md-4\">\r\n<ul>\r\n<li class=\"mb-3\"><span class=\"text-secondary font-weight-bold\">Type : Villa</span></li>\r\n<li class=\"mb-3\"><span class=\"text-secondary font-weight-bold\">Security : </span>Yes</li>\r\n<li class=\"mb-3\"><span class=\"text-secondary font-weight-bold\">Dining Capacity : </span>10 People</li>\r\n<li class=\"mb-3\"><span class=\"text-secondary font-weight-bold\">Church/Temple : </span>No</li>\r\n</ul>\r\n</div>\r\n<div class=\"col-md-4\">\r\n<ul>\r\n<li class=\"mb-3\"><span class=\"text-secondary font-weight-bold\">3rd Party : </span>No</li>\r\n<li class=\"mb-3\"><span class=\"text-secondary font-weight-bold\">Elevator : </span>Yes</li>\r\n<li class=\"mb-3\"><span class=\"text-secondary font-weight-bold\">CCTV : </span>Yes</li>\r\n<li class=\"mb-3\"><span class=\"text-secondary font-weight-bold\">Water Supply : </span>Ground Water / Tank</li>\r\n</ul>\r\n</div>\r\n<!---feature area end---->\r\n<p>&nbsp;</p>', 'country-house-3d-images.jpg', '00c2964446f381eba6a4a92e1eeb6492.jpg', '52e130a7232e5561f0cf070c21fe07ab.jpg', 'b3099f3d71a22cf4cdd4e540f3d977dc.jpg', 'f434cb7d25a2d5384847a9323c7d7639l-m2523593246od-w480_h360_x2.webp', 83, 'sold out', '41841-1l.webp', '1635158846_832.jpg', 'Low-Budget-Modern-3-Bedroom-House-Design.webp', '2 Floor', '2023-04-19 12:23:06', 1),
(54, 'WiseMark Villa', '<p>&nbsp;Do check out this 5 bhk villa in sector 19a nerul, which is an ideal choice for a family. Constructed on a carpet area of 2000 sq.Ft., this villa comprises 5 bedrooms, 5 bathrooms and 2 balconies. This 5 bhk house comes attached with 1 covered parking for your vehicle(s). Another added advantage of this 10+ years old house is that it is available for immediate possession. The type of ownership of this property is leasehold. This independent house is available at an attractive.</p>', 'villa', '5+ BHK', 'rent', 5, 5, 2, 1, 1, '2nd Floor', 2000, 13000, ' opp,Om Dwarkanath Shcool Indore', 'Indore', 'Madhya Pradesh', '<p>&nbsp;</p>\r\n<!---feature area start--->\r\n<div class=\"col-md-4\">\r\n<ul>\r\n<li class=\"mb-3\"><span class=\"text-secondary font-weight-bold\">Property Age : </span>10 Years</li>\r\n<li class=\"mb-3\"><span class=\"text-secondary font-weight-bold\">Swiming Pool : </span>Yes</li>\r\n<li class=\"mb-3\"><span class=\"text-secondary font-weight-bold\">Parking : </span>Yes</li>\r\n<li class=\"mb-3\"><span class=\"text-secondary font-weight-bold\">GYM : </span>Yes</li>\r\n</ul>\r\n</div>\r\n<div class=\"col-md-4\">\r\n<ul>\r\n<li class=\"mb-3\"><span class=\"text-secondary font-weight-bold\">Type : </span>Villa</li>\r\n<li class=\"mb-3\"><span class=\"text-secondary font-weight-bold\">Security : </span>Yes</li>\r\n<li class=\"mb-3\"><span class=\"text-secondary font-weight-bold\">Dining Capacity : </span>10 People</li>\r\n<li class=\"mb-3\"><span class=\"text-secondary font-weight-bold\">Church/Temple : </span>No</li>\r\n</ul>\r\n</div>\r\n<div class=\"col-md-4\">\r\n<ul>\r\n<li class=\"mb-3\"><span class=\"text-secondary font-weight-bold\">3rd Party : </span>No</li>\r\n<li class=\"mb-3\"><span class=\"text-secondary font-weight-bold\">Elevator : </span>Yes</li>\r\n<li class=\"mb-3\"><span class=\"text-secondary font-weight-bold\">CCTV : </span>Yes</li>\r\n<li class=\"mb-3\"><span class=\"text-secondary font-weight-bold\">Water Supply : </span>Ground Water / Tank</li>\r\n</ul>\r\n</div>\r\n<!---feature area end---->\r\n<p>&nbsp;</p>', 'The-Olive-Retreat-Luxury-Villa-Rental-scaled.webp', '4b20d633e6a07b2eea311202204b9b13c-f1069245483od-w1024_h768_x2.webp', '4b20d633e6a07b2eea311202204b9b13c-f3365251787od-w1024_h768_x2.webp', '4b20d633e6a07b2eea311202204b9b13c-f3374219124od-w1024_h768_x2.webp', '4b20d633e6a07b2eea311202204b9b13c-f3955764190od-w1024_h768_x2.webp', 83, 'sold out', '716d670c6aae24036ed96bd096a23753c-f297323881od-w1024_h768_x2.webp', '', 'TX176-GROUND-FLOOR_page-0001.jpg', '2 Floor', '2023-04-19 12:33:34', 1),
(56, 'Joyful Place', '<p>specifically designed to suit your requirements and conveniences. There are 1BHK,Building available in this project. This housing society is now ready to be called home as families have started moving in.</p>', 'building', '1 BHK', 'sale', 1, 1, 1, 1, 1, '2nd Floor', 1150, 2350000, 'Opp. Laxmi Ranthiya Rath, Madurai,Tamil Nadu', 'Madurai', 'Tamil Nadu', '<p>&nbsp;</p>\r\n<!---feature area start--->\r\n<div class=\"col-md-4\">\r\n<ul>\r\n<li class=\"mb-3\"><span class=\"text-secondary font-weight-bold\">Property Age : </span>10 Years</li>\r\n<li class=\"mb-3\"><span class=\"text-secondary font-weight-bold\">Swiming Pool : </span>Yes</li>\r\n<li class=\"mb-3\"><span class=\"text-secondary font-weight-bold\">Parking : </span>Yes</li>\r\n<li class=\"mb-3\"><span class=\"text-secondary font-weight-bold\">GYM : </span>Yes</li>\r\n</ul>\r\n</div>\r\n<div class=\"col-md-4\">\r\n<ul>\r\n<li class=\"mb-3\"><span class=\"text-secondary font-weight-bold\">Type : Building</span></li>\r\n<li class=\"mb-3\"><span class=\"text-secondary font-weight-bold\">Security : </span>Yes</li>\r\n<li class=\"mb-3\"><span class=\"text-secondary font-weight-bold\">Dining Capacity : </span>10 People</li>\r\n<li class=\"mb-3\"><span class=\"text-secondary font-weight-bold\">Church/Temple : </span>No</li>\r\n</ul>\r\n</div>\r\n<div class=\"col-md-4\">\r\n<ul>\r\n<li class=\"mb-3\"><span class=\"text-secondary font-weight-bold\">3rd Party : </span>No</li>\r\n<li class=\"mb-3\"><span class=\"text-secondary font-weight-bold\">Elevator : </span>Yes</li>\r\n<li class=\"mb-3\"><span class=\"text-secondary font-weight-bold\">CCTV : </span>Yes</li>\r\n<li class=\"mb-3\"><span class=\"text-secondary font-weight-bold\">Water Supply : </span>Ground Water / Tank</li>\r\n</ul>\r\n</div>\r\n<!---feature area end---->\r\n<p>&nbsp;</p>', '511_1440x960.jpg', 'e17144c9825e3a0343410fda29988396l-m24231053od-w1024_h768_x2.webp', 'e17144c9825e3a0343410fda29988396l-m731322909od-w1024_h768_x2.webp', 'e17144c9825e3a0343410fda29988396l-m3470626155od-w1024_h768_x2.webp', '4_bhk_independent_house-for-sale-thaltej-Ahmedabad-bedroom.jpg (2).webp', 83, 'available', '41841-1l.webp', '1635158846_832.jpg', 'Low-Budget-Modern-3-Bedroom-House-Design.webp', '10 Floor', '2023-04-19 13:07:18', 1),
(57, 'Seaview Apartments', '<p>Here is an excellent 2 BHK Apartment available for rent in Jaipur. Surrounded by natural greens and equipped with numerous amenities, this rented 2 BHK house offers a comfortable lifestyle for families. It is a spacious property nestled in Pal that enjoys good connectivity to major landmarks of the city. The Apartment is on the 5 floor. There is a total of 12 floors. The Apartment is designed as per modern construction standards. It has 2 bedrooms and 2 bathroom. It is East facing.</p>', 'apartment', '2 BHK', 'rent', 2, 2, 1, 1, 1, '4th Floor', 1126, 22000, ' D-44, Subhash Marg, Jaipur, Rajasthan', 'Jaipur', ' Rajasthan', '<p>&nbsp;</p>\r\n<!---feature area start--->\r\n<div class=\"col-md-4\">\r\n<ul>\r\n<li class=\"mb-3\"><span class=\"text-secondary font-weight-bold\">Property Age : </span>10 Years</li>\r\n<li class=\"mb-3\"><span class=\"text-secondary font-weight-bold\">Swiming Pool : </span>Yes</li>\r\n<li class=\"mb-3\"><span class=\"text-secondary font-weight-bold\">Parking : </span>Yes</li>\r\n<li class=\"mb-3\"><span class=\"text-secondary font-weight-bold\">GYM : </span>Yes</li>\r\n</ul>\r\n</div>\r\n<div class=\"col-md-4\">\r\n<ul>\r\n<li class=\"mb-3\"><span class=\"text-secondary font-weight-bold\">Type : </span>Apartment</li>\r\n<li class=\"mb-3\"><span class=\"text-secondary font-weight-bold\">Security : </span>Yes</li>\r\n<li class=\"mb-3\"><span class=\"text-secondary font-weight-bold\">Dining Capacity : </span>10 People</li>\r\n<li class=\"mb-3\"><span class=\"text-secondary font-weight-bold\">Church/Temple : </span>No</li>\r\n</ul>\r\n</div>\r\n<div class=\"col-md-4\">\r\n<ul>\r\n<li class=\"mb-3\"><span class=\"text-secondary font-weight-bold\">3rd Party : </span>No</li>\r\n<li class=\"mb-3\"><span class=\"text-secondary font-weight-bold\">Elevator : </span>Yes</li>\r\n<li class=\"mb-3\"><span class=\"text-secondary font-weight-bold\">CCTV : </span>Yes</li>\r\n<li class=\"mb-3\"><span class=\"text-secondary font-weight-bold\">Water Supply : </span>Ground Water / Tank</li>\r\n</ul>\r\n</div>\r\n<!---feature area end---->\r\n<p>&nbsp;</p>', 'pexels-anthony-gideon-1446378.jpg', '4b20d633e6a07b2eea311202204b9b13c-f3365251787od-w1024_h768_x2.webp', '4b20d633e6a07b2eea311202204b9b13c-f3374219124od-w1024_h768_x2.webp', '4b20d633e6a07b2eea311202204b9b13c-f3955764190od-w1024_h768_x2.webp', '4b20d633e6a07b2eea311202204b9b13c-f3064970844od-w1024_h768_x2.webp', 84, 'sold out', 'fs.jpeg (7).webp', 'fs.jpeg (9).webp', 'fs.jpeg (8).webp', '12 Floor', '2023-04-21 10:26:22', 1),
(59, 'Rockwell', '<p>Rockwell is 3 BHK houshing soc this property is the 3 Badroom, 2 Bathroom,1Hall and this property is good location in the area</p>\r\n<p><span class=\"sc-dxhf6u-0 beyaFd sc-42mqda-0 vThrL\">Plot Area -840 sq.ft.</span><br /><span class=\"sc-dxhf6u-0 beyaFd sc-42mqda-0 vThrL\">Super Built-up Area - 1398</span><br /><br /></p>', 'house', '3 BHK', 'sale', 3, 2, 1, 1, 1, '1st Floor', 1398, 4500000, 'Khilvali Hills ,Jodhpur 	Rajasthan', 'Jodhpur', 'Rajasthan', '<p>&nbsp;</p>\r\n<!---feature area start--->\r\n<div class=\"col-md-4\">\r\n<ul>\r\n<li class=\"mb-3\"><span class=\"text-secondary font-weight-bold\">Property Age : </span>10 Years</li>\r\n<li class=\"mb-3\"><span class=\"text-secondary font-weight-bold\">Swiming Pool : </span>Yes</li>\r\n<li class=\"mb-3\"><span class=\"text-secondary font-weight-bold\">Parking : </span>Yes</li>\r\n<li class=\"mb-3\"><span class=\"text-secondary font-weight-bold\">GYM : </span>Yes</li>\r\n</ul>\r\n</div>\r\n<div class=\"col-md-4\">\r\n<ul>\r\n<li class=\"mb-3\"><span class=\"text-secondary font-weight-bold\">Type : </span>House</li>\r\n<li class=\"mb-3\"><span class=\"text-secondary font-weight-bold\">Security : </span>Yes</li>\r\n<li class=\"mb-3\"><span class=\"text-secondary font-weight-bold\">Dining Capacity : </span>10 People</li>\r\n<li class=\"mb-3\"><span class=\"text-secondary font-weight-bold\">Church/Temple : </span>No</li>\r\n</ul>\r\n</div>\r\n<div class=\"col-md-4\">\r\n<ul>\r\n<li class=\"mb-3\"><span class=\"text-secondary font-weight-bold\">3rd Party : </span>No</li>\r\n<li class=\"mb-3\"><span class=\"text-secondary font-weight-bold\">Elevator : </span>Yes</li>\r\n<li class=\"mb-3\"><span class=\"text-secondary font-weight-bold\">CCTV : </span>Yes</li>\r\n<li class=\"mb-3\"><span class=\"text-secondary font-weight-bold\">Water Supply : </span>Ground Water / Tank</li>\r\n</ul>\r\n</div>\r\n<!---feature area end---->\r\n<p>&nbsp;</p>', 'beige-painted-beautiful-house-b5isquc16wspefj2.jpg', 'images (1).jpg', '001147d08d57294bbb3f3460f6e5dd64.jpg', 'the-cliffs-at-walnut-cove-samsel-architects-img~9e1145d707fcf5b3_9267-1-9d82ffc-w360-h360-b0-p0.webp', '85d73a060cec5cf9c5dee97cf730e207c-f231430171od-w1024_h768_x2.webp', 84, 'sold out', 'fs.jpg.webp', 'fs.jpg.webp', 'fs.jpeg (11).webp', '3 Floor', '2023-04-21 11:12:23', 1),
(60, 'High Rise', '<p>High Rise is the 4 BHK Flate in the Dehradun.This property Location in the good for the near the hill.</p>\r\n<p>Ft.Toddler Zone 450 Sq. Ft.Fully Equipped Gymnasium 2300 Sq. Ft.Central LawnJogging Walking TrackInfinity Edge Water BodyGazebo SeatingChampa Court with SeatOutsLawn Area with SeatOutsSunken Gazebo.</p>', 'flat', '4 BHK', 'rent', 4, 3, 1, 1, 1, '3rd Floor', 2300, 34000, 'Solgerg Hill ,Dehradun,Uttarakhand', 'Dehradun', 'Uttarakhand', '<p>&nbsp;</p>\r\n<!---feature area start--->\r\n<div class=\"col-md-4\">\r\n<ul>\r\n<li class=\"mb-3\"><span class=\"text-secondary font-weight-bold\">Property Age : </span>10 Years</li>\r\n<li class=\"mb-3\"><span class=\"text-secondary font-weight-bold\">Swiming Pool : </span>Yes</li>\r\n<li class=\"mb-3\"><span class=\"text-secondary font-weight-bold\">Parking : </span>Yes</li>\r\n<li class=\"mb-3\"><span class=\"text-secondary font-weight-bold\">GYM : </span>Yes</li>\r\n</ul>\r\n</div>\r\n<div class=\"col-md-4\">\r\n<ul>\r\n<li class=\"mb-3\"><span class=\"text-secondary font-weight-bold\">Type : </span>Flate</li>\r\n<li class=\"mb-3\"><span class=\"text-secondary font-weight-bold\">Security : </span>Yes</li>\r\n<li class=\"mb-3\"><span class=\"text-secondary font-weight-bold\">Dining Capacity : </span>10 People</li>\r\n<li class=\"mb-3\"><span class=\"text-secondary font-weight-bold\">Church/Temple : </span>No</li>\r\n</ul>\r\n</div>\r\n<div class=\"col-md-4\">\r\n<ul>\r\n<li class=\"mb-3\"><span class=\"text-secondary font-weight-bold\">3rd Party : </span>No</li>\r\n<li class=\"mb-3\"><span class=\"text-secondary font-weight-bold\">Elevator : </span>Yes</li>\r\n<li class=\"mb-3\"><span class=\"text-secondary font-weight-bold\">CCTV : </span>Yes</li>\r\n<li class=\"mb-3\"><span class=\"text-secondary font-weight-bold\">Water Supply : </span>Ground Water / Tank</li>\r\n</ul>\r\n</div>\r\n<!---feature area end---->\r\n<p>&nbsp;</p>', 'pexels-andrea-piacquadio-932328.jpg', '19ffca42035e8c7a6fe9f04c77db1006l-m2898373764od-w1024_h768_x2.webp', '19ffca42035e8c7a6fe9f04c77db1006l-m2087131149od-w1024_h768_x2.webp', '19ffca42035e8c7a6fe9f04c77db1006l-m2318385324od-w1024_h768_x2.webp', 'e3375baf0b57a6fbae3e7778ccc1dbc3c-f123234300od-w1024_h768_x2.webp', 84, 'available', '209d6f3896b1a9f4ff1c6fd53cd9e788.jpg', '1000-Sq-Ft-House-Plans-3-Bedroom-Indian-Style-724x1024.jpg', 'ak_1096_940637217-1662112620_700x700.jpeg', '10 Floor', '2023-04-21 11:18:37', 1),
(61, 'Solstice Place villa', '<p><span class=\"sc-dxhf6u-0 beyaFd sc-42mqda-0 vThrL\">Its a Residential Duplex</span><br /><span class=\"sc-dxhf6u-0 beyaFd sc-42mqda-0 vThrL\">Plot Area -3000 sq.ft.</span><br /><span class=\"sc-dxhf6u-0 beyaFd sc-42mqda-0 vThrL\">Super Built-up Area - 1500</span><br /><span class=\"sc-dxhf6u-0 beyaFd sc-42mqda-0 vThrL\">Selling price- 70 lac.</span><br /><span class=\"sc-dxhf6u-0 beyaFd sc-42mqda-0 vThrL\">Accommodation 6 bedroom D/d , Kitchen 2 Balcony</span><br /><span class=\"sc-dxhf6u-0 beyaFd sc-42mqda-0 vThrL\">Bathroom 3 Toilets</span><br /><span class=\"sc-dxhf6u-0 beyaFd sc-42mqda-0 vThrL\">property Code -190</span></p>', 'villa', '5+ BHK', 'sale', 6, 4, 4, 1, 1, '2nd Floor', 3000, 7000000, 'Velunpur Madura, Howrah,West Bangal', 'Howrah', 'West Bangal', '<p>&nbsp;</p>\r\n<!---feature area start--->\r\n<div class=\"col-md-4\">\r\n<ul>\r\n<li class=\"mb-3\"><span class=\"text-secondary font-weight-bold\">Property Age : </span>10 Years</li>\r\n<li class=\"mb-3\"><span class=\"text-secondary font-weight-bold\">Swiming Pool : </span>Yes</li>\r\n<li class=\"mb-3\"><span class=\"text-secondary font-weight-bold\">Parking : </span>Yes</li>\r\n<li class=\"mb-3\"><span class=\"text-secondary font-weight-bold\">GYM : </span>Yes</li>\r\n</ul>\r\n</div>\r\n<div class=\"col-md-4\">\r\n<ul>\r\n<li class=\"mb-3\"><span class=\"text-secondary font-weight-bold\">Type : Villa</span></li>\r\n<li class=\"mb-3\"><span class=\"text-secondary font-weight-bold\">Security : </span>Yes</li>\r\n<li class=\"mb-3\"><span class=\"text-secondary font-weight-bold\">Dining Capacity : </span>10 People</li>\r\n<li class=\"mb-3\"><span class=\"text-secondary font-weight-bold\">Church/Temple : </span>No</li>\r\n</ul>\r\n</div>\r\n<div class=\"col-md-4\">\r\n<ul>\r\n<li class=\"mb-3\"><span class=\"text-secondary font-weight-bold\">3rd Party : </span>No</li>\r\n<li class=\"mb-3\"><span class=\"text-secondary font-weight-bold\">Elevator : </span>Yes</li>\r\n<li class=\"mb-3\"><span class=\"text-secondary font-weight-bold\">CCTV : </span>Yes</li>\r\n<li class=\"mb-3\"><span class=\"text-secondary font-weight-bold\">Water Supply : </span>Ground Water / Tank</li>\r\n</ul>\r\n</div>\r\n<!---feature area end---->\r\n<p>&nbsp;</p>', 'wp6254065.jpg', 'f84659f112ae2ffd86bfcd953cf02dc1--modern-lounge-luxury-apartments.jpg', '001147d08d57294bbb3f3460f6e5dd64.jpg', 'the-cliffs-at-walnut-cove-samsel-architects-img~9e1145d707fcf5b3_9267-1-9d82ffc-w360-h360-b0-p0.webp', 'the-cliffs-at-walnut-cove-samsel-architects-img~9e1145d707fcf5b3_9267-1-9d82ffc-w360-h360-b0-p0.webp', 84, 'available', '2bedroom-indian-style-plan.jpg', 'images.jpg', '1000-Sq-Ft-House-Plans-3-Bedroom-Indian-Style-724x1024.jpg', '2 Floor', '2023-04-24 09:37:58', 1),
(63, 'Uma Resedency', '<div class=\"css-10ul8x e1q3nk1v2\"><span class=\"one-click-content css-nnyc96 e1q3nk1v1\" data-term=\"activities\" data-linkid=\"nn1ov4\">a relatively permanent enclosed construction over a plot of land, having a roof and usually windows and often more than one level, used for any of a wide variety of activities, as living, entertaining, or manufacturing.</span></div>\r\n<div class=\"css-1o7vb91 e1q3nk1v2\"><span class=\"one-click-content css-nnyc96 e1q3nk1v1\">anything&nbsp;built&nbsp;or constructed.</span></div>\r\n<div class=\"css-1gk252f e1q3nk1v2\"><span class=\"one-click-content css-nnyc96 e1q3nk1v1\" data-term=\"practice\" data-linkid=\"nn1ov4\">the act, business, or practice of constructing houses, office buildings, etc.</span></div>', 'building', '5 BHK', 'sale', 5, 4, 3, 1, 1, '4th Floor', 3900, 7850000, ' C, Block No.46, Zone 4,Durgapur,West Bangal', 'Durgapur', 'West Bangal', '<p>&nbsp;</p>\r\n<!---feature area start--->\r\n<div class=\"col-md-4\">\r\n<ul>\r\n<li class=\"mb-3\"><span class=\"text-secondary font-weight-bold\">Property Age : </span>10 Years</li>\r\n<li class=\"mb-3\"><span class=\"text-secondary font-weight-bold\">Swiming Pool : </span>Yes</li>\r\n<li class=\"mb-3\"><span class=\"text-secondary font-weight-bold\">Parking : </span>Yes</li>\r\n<li class=\"mb-3\"><span class=\"text-secondary font-weight-bold\">GYM : </span>Yes</li>\r\n</ul>\r\n</div>\r\n<div class=\"col-md-4\">\r\n<ul>\r\n<li class=\"mb-3\"><span class=\"text-secondary font-weight-bold\">Type : Building</span></li>\r\n<li class=\"mb-3\"><span class=\"text-secondary font-weight-bold\">Security : </span>Yes</li>\r\n<li class=\"mb-3\"><span class=\"text-secondary font-weight-bold\">Dining Capacity : </span>10 People</li>\r\n<li class=\"mb-3\"><span class=\"text-secondary font-weight-bold\">Church/Temple : </span>No</li>\r\n</ul>\r\n</div>\r\n<div class=\"col-md-4\">\r\n<ul>\r\n<li class=\"mb-3\"><span class=\"text-secondary font-weight-bold\">3rd Party : </span>No</li>\r\n<li class=\"mb-3\"><span class=\"text-secondary font-weight-bold\">Elevator : </span>Yes</li>\r\n<li class=\"mb-3\"><span class=\"text-secondary font-weight-bold\">CCTV : </span>Yes</li>\r\n<li class=\"mb-3\"><span class=\"text-secondary font-weight-bold\">Water Supply : </span>Ground Water / Tank</li>\r\n</ul>\r\n</div>\r\n<!---feature area end---->\r\n<p>&nbsp;</p>', 'private-room-15418374.jpg', '2_bhk_independent_house-for-sale-south_bopal-Ahmedabad-hall.jpg (2).webp', '2_bhk_independent_house-for-sale-south_bopal-Ahmedabad-kitchen.jpg (1).webp', 'cf40c039d6d7fe801fb635b889eb38cb.jpg', '2_bhk_independent_house-for-sale-south_bopal-Ahmedabad-hall.jpg.webp', 84, 'available', '209d6f3896b1a9f4ff1c6fd53cd9e788.jpg', '1000-Sq-Ft-House-Plans-3-Bedroom-Indian-Style-724x1024.jpg', '3ecca572296c7351cedbd2f20a11add6p-f2218572040od-w1024_h768_x2.webp', '8 Floor', '2023-04-24 10:17:26', 1),
(64, 'Ratna Mala Apartment', '<p>Here is an excellent 2 BHK Apartment available for Sale in Rajkot. Surrounded by natural greens and equipped with numerous amenities, this rented 1 BHK house offers a comfortable lifestyle for families. It is a spacious property nestled in Pal that enjoys good connectivity to major landmarks of the city. The Apartment is on the 3 floor. There is a total of 12 floors. The Apartment is designed as per modern construction standards. It has 1 bedrooms and 1 bathroom. It is East facing.</p>', 'apartment', '1 BHK', 'sale', 1, 1, 1, 1, 1, '3rd Floor', 1220, 2800000, 'Vip road Rajkot,Gujrat', 'Rajkot', 'Gujarat', '<p>&nbsp;</p>\r\n<!---feature area start--->\r\n<div class=\"col-md-4\">\r\n<ul>\r\n<li class=\"mb-3\"><span class=\"text-secondary font-weight-bold\">Property Age : </span>10 Years</li>\r\n<li class=\"mb-3\"><span class=\"text-secondary font-weight-bold\">Swiming Pool : </span>Yes</li>\r\n<li class=\"mb-3\"><span class=\"text-secondary font-weight-bold\">Parking : </span>Yes</li>\r\n<li class=\"mb-3\"><span class=\"text-secondary font-weight-bold\">GYM : </span>Yes</li>\r\n</ul>\r\n</div>\r\n<div class=\"col-md-4\">\r\n<ul>\r\n<li class=\"mb-3\"><span class=\"text-secondary font-weight-bold\">Type : </span>Apartment</li>\r\n<li class=\"mb-3\"><span class=\"text-secondary font-weight-bold\">Security : </span>Yes</li>\r\n<li class=\"mb-3\"><span class=\"text-secondary font-weight-bold\">Dining Capacity : </span>10 People</li>\r\n<li class=\"mb-3\"><span class=\"text-secondary font-weight-bold\">Church/Temple : </span>No</li>\r\n</ul>\r\n</div>\r\n<div class=\"col-md-4\">\r\n<ul>\r\n<li class=\"mb-3\"><span class=\"text-secondary font-weight-bold\">3rd Party : </span>No</li>\r\n<li class=\"mb-3\"><span class=\"text-secondary font-weight-bold\">Elevator : </span>Yes</li>\r\n<li class=\"mb-3\"><span class=\"text-secondary font-weight-bold\">CCTV : </span>Yes</li>\r\n<li class=\"mb-3\"><span class=\"text-secondary font-weight-bold\">Water Supply : </span>Ground Water / Tank</li>\r\n</ul>\r\n</div>\r\n<!---feature area end---->\r\n<p>&nbsp;</p>', '12-435-ch-ste-foy-12.jpg', '650ffc6667b7d247fcb541a7368187c8i-f945601879od-w1024_h768_x2.webp', '650ffc6667b7d247fcb541a7368187c8i-f3417009021od-w1024_h768_x2.webp', '650ffc6667b7d247fcb541a7368187c8i-f4249066250od-w1024_h768_x2.webp', '650ffc6667b7d247fcb541a7368187c8i-f3000009078od-w1024_h768_x2.webp', 85, 'sold out', '650ffc6667b7d247fcb541a7368187c8p-f3867426088od-w1024_h768_x2.webp', '1000-Sq-Ft-House-Plans-3-Bedroom-Indian-Style-724x1024.jpg', '650ffc6667b7d247fcb541a7368187c8p-f3864692934od-w1024_h768_x2.webp', '12 Floor', '2023-04-24 10:33:32', 1),
(65, 'Anmol Banglow', '<p>AMENITIESReception FoyerBanquet 2250 Sq. Ft.Banquet Kitchen WashGuest RoomsYoga Meditation Aerobics 800 Sq. Ft.MultiSport CourtIndoor Games Table Tennis, Pool Table, Carrom, Chess Board Games 1050 Sq. Ft.Kids Play Area 1050 Sq. Ft.Toddler Zone 450 Sq. Ft.Fully Equipped Gymnasium 2300 Sq. Ft.Central LawnJogging Walking TrackInfinity Edge Water BodyGazebo SeatingChampa Court with SeatOutsLawn Area with SeatOutsSunken Gazebo.in MySure</p>', 'house', '2 BHK', 'rent', 2, 1, 2, 2, 2, '2nd Floor', 840, 8750, 'Ornet Park 3,Mysore Karnataka', 'Mysore', 'Karnataka', '<p>&nbsp;</p>\r\n<!---feature area start--->\r\n<div class=\"col-md-4\">\r\n<ul>\r\n<li class=\"mb-3\"><span class=\"text-secondary font-weight-bold\">Property Age : </span>10 Years</li>\r\n<li class=\"mb-3\"><span class=\"text-secondary font-weight-bold\">Swiming Pool : </span>Yes</li>\r\n<li class=\"mb-3\"><span class=\"text-secondary font-weight-bold\">Parking : </span>Yes</li>\r\n<li class=\"mb-3\"><span class=\"text-secondary font-weight-bold\">GYM : </span>Yes</li>\r\n</ul>\r\n</div>\r\n<div class=\"col-md-4\">\r\n<ul>\r\n<li class=\"mb-3\"><span class=\"text-secondary font-weight-bold\">Type : House</span></li>\r\n<li class=\"mb-3\"><span class=\"text-secondary font-weight-bold\">Security : </span>Yes</li>\r\n<li class=\"mb-3\"><span class=\"text-secondary font-weight-bold\">Dining Capacity : </span>10 People</li>\r\n<li class=\"mb-3\"><span class=\"text-secondary font-weight-bold\">Church/Temple : </span>No</li>\r\n</ul>\r\n</div>\r\n<div class=\"col-md-4\">\r\n<ul>\r\n<li class=\"mb-3\"><span class=\"text-secondary font-weight-bold\">3rd Party : </span>No</li>\r\n<li class=\"mb-3\"><span class=\"text-secondary font-weight-bold\">Elevator : </span>Yes</li>\r\n<li class=\"mb-3\"><span class=\"text-secondary font-weight-bold\">CCTV : </span>Yes</li>\r\n<li class=\"mb-3\"><span class=\"text-secondary font-weight-bold\">Water Supply : </span>Ground Water / Tank</li>\r\n</ul>\r\n</div>\r\n<!---feature area end---->\r\n<p>&nbsp;</p>', '1-villas-metro-station-electronic-city-bangalore.jpg', '4_bhk_independent_house-for-sale-thaltej-Ahmedabad-hall.jpg.webp', '4_bhk_independent_house-for-sale-thaltej-Ahmedabad-kitchen.jpg (1).webp', '4_bhk_independent_house-for-sale-thaltej-Ahmedabad-hall.jpg (3).webp', '4_bhk_independent_house-for-sale-thaltej-Ahmedabad-bedroom.jpg (2).webp', 85, 'available', '20-By-20-House-Plan.jpg', 'image_750x_63772bc07c74e.jpg', '1000-Sq-Ft-House-Plans-3-Bedroom-Indian-Style-724x1024.jpg', '4 Floor', '2023-04-24 10:55:20', 1),
(66, 'Varni Residency', '<p>Varni Residency&nbsp; is a ready-to-move housing society. It offers Flate in varied budget range. These units are a perfect combination of comfort and style, specifically designed to suit your requirements and conveniences. There are 1BHK, 2BHK&nbsp; 3BHK and 5BHK Apartments available in this project</p>', 'flat', '3 BHK', 'sale', 3, 2, 1, 1, 1, '5th Floor', 2589, 3450000, 'Kholwad gam Hubballi‑Dharwad,Karnataka', 'Hubballi‑Dharwad', 'Karnataka', '<p>&nbsp;</p>\r\n<!---feature area start--->\r\n<div class=\"col-md-4\">\r\n<ul>\r\n<li class=\"mb-3\"><span class=\"text-secondary font-weight-bold\">Property Age : </span>10 Years</li>\r\n<li class=\"mb-3\"><span class=\"text-secondary font-weight-bold\">Swiming Pool : </span>Yes</li>\r\n<li class=\"mb-3\"><span class=\"text-secondary font-weight-bold\">Parking : </span>Yes</li>\r\n<li class=\"mb-3\"><span class=\"text-secondary font-weight-bold\">GYM : </span>Yes</li>\r\n</ul>\r\n</div>\r\n<div class=\"col-md-4\">\r\n<ul>\r\n<li class=\"mb-3\"><span class=\"text-secondary font-weight-bold\">Type : Flate</span></li>\r\n<li class=\"mb-3\"><span class=\"text-secondary font-weight-bold\">Security : </span>Yes</li>\r\n<li class=\"mb-3\"><span class=\"text-secondary font-weight-bold\">Dining Capacity : </span>10 People</li>\r\n<li class=\"mb-3\"><span class=\"text-secondary font-weight-bold\">Church/Temple : </span>No</li>\r\n</ul>\r\n</div>\r\n<div class=\"col-md-4\">\r\n<ul>\r\n<li class=\"mb-3\"><span class=\"text-secondary font-weight-bold\">3rd Party : </span>No</li>\r\n<li class=\"mb-3\"><span class=\"text-secondary font-weight-bold\">Elevator : </span>Yes</li>\r\n<li class=\"mb-3\"><span class=\"text-secondary font-weight-bold\">CCTV : </span>Yes</li>\r\n<li class=\"mb-3\"><span class=\"text-secondary font-weight-bold\">Water Supply : </span>Ground Water / Tank</li>\r\n</ul>\r\n</div>\r\n<!---feature area end---->\r\n<p>&nbsp;</p>', 'photo-1582883545851-725a3b9502ce.jpg', '4b20d633e6a07b2eea311202204b9b13c-f3568649201od-w1024_h768_x2.webp', '4b20d633e6a07b2eea311202204b9b13c-f1069245483od-w1024_h768_x2.webp', '4b20d633e6a07b2eea311202204b9b13c-f3374219124od-w1024_h768_x2.webp', '4b20d633e6a07b2eea311202204b9b13c-f3064970844od-w1024_h768_x2.webp', 85, 'sold out', '716d670c6aae24036ed96bd096a23753c-f297323881od-w1024_h768_x2.webp', 'image_750x_63772bc07c74e.jpg', '1000-Sq-Ft-House-Plans-3-Bedroom-Indian-Style-724x1024.jpg', '8 Floor', '2023-04-24 11:08:13', 1);
INSERT INTO `property` (`pid`, `title`, `pcontent`, `type`, `bhk`, `stype`, `bedroom`, `bathroom`, `balcony`, `kitchen`, `hall`, `floor`, `size`, `price`, `location`, `city`, `state`, `feature`, `pimage`, `pimage1`, `pimage2`, `pimage3`, `pimage4`, `uid`, `status`, `mapimage`, `topmapimage`, `groundmapimage`, `totalfloor`, `date`, `isFeatured`) VALUES
(67, 'Harvest Lofts Villa', '<p>A villa is&nbsp;<strong>a type of house that was originally an ancient Roman upper class country house</strong>. Since its origins in the Roman villa, the idea and function of a villa have evolved considerably.</p>\r\n<p>With about 270 sq. meters, on three levels, the villa, which is accessed through remote-controlled electric gates, features on the ground floor a large and bright 70 m&sup2;&nbsp;Living room&nbsp;comfortably furnished, with a baby grand piano and a flat panel TV (HD, with French channels as well as Netflix). &nbsp;From there, you access the&nbsp;Dining room&nbsp;with large windows overlooking the sea, and a fully equipped&nbsp;Kitchen&nbsp;(American refrigerator, oven, microwave oven, dishwasher, induction plates, coffee maker (regular+Nespresso), etc.) with a counter and seating area.</p>', 'villa', '4 BHK', 'rent', 4, 3, 2, 1, 1, '2nd Floor', 3678, 13700, 'Ram setu panth Gwalior Madhya Pradesh', 'Gwalior', 'Madhya Pradesh', '<p>&nbsp;</p>\r\n<!---feature area start--->\r\n<div class=\"col-md-4\">\r\n<ul>\r\n<li class=\"mb-3\"><span class=\"text-secondary font-weight-bold\">Property Age : </span>10 Years</li>\r\n<li class=\"mb-3\"><span class=\"text-secondary font-weight-bold\">Swiming Pool : </span>Yes</li>\r\n<li class=\"mb-3\"><span class=\"text-secondary font-weight-bold\">Parking : </span>Yes</li>\r\n<li class=\"mb-3\"><span class=\"text-secondary font-weight-bold\">GYM : </span>Yes</li>\r\n</ul>\r\n</div>\r\n<div class=\"col-md-4\">\r\n<ul>\r\n<li class=\"mb-3\"><span class=\"text-secondary font-weight-bold\">Type : </span>Villa</li>\r\n<li class=\"mb-3\"><span class=\"text-secondary font-weight-bold\">Security : </span>Yes</li>\r\n<li class=\"mb-3\"><span class=\"text-secondary font-weight-bold\">Dining Capacity : </span>10 People</li>\r\n<li class=\"mb-3\"><span class=\"text-secondary font-weight-bold\">Church/Temple : </span>No</li>\r\n</ul>\r\n</div>\r\n<div class=\"col-md-4\">\r\n<ul>\r\n<li class=\"mb-3\"><span class=\"text-secondary font-weight-bold\">3rd Party : </span>No</li>\r\n<li class=\"mb-3\"><span class=\"text-secondary font-weight-bold\">Elevator : </span>Yes</li>\r\n<li class=\"mb-3\"><span class=\"text-secondary font-weight-bold\">CCTV : </span>Yes</li>\r\n<li class=\"mb-3\"><span class=\"text-secondary font-weight-bold\">Water Supply : </span>Ground Water / Tank</li>\r\n</ul>\r\n</div>\r\n<!---feature area end---->\r\n<p>&nbsp;</p>', '2c44295424cce41739999c2c45f0532c2026a1bd.jpg', 'images (1).jpg', '4b20d633e6a07b2eea311202204b9b13c-f1069245483od-w1024_h768_x2.webp', '4b20d633e6a07b2eea311202204b9b13c-f3374219124od-w1024_h768_x2.webp', '0cedd7c152d659dbfa680bbafb03c9c5c-f1079011273od-w480_h360_x2.webp', 85, 'sold out', '20-By-20-House-Plan.jpg', '2bedroom-indian-style-plan.jpg', '1000-Sq-Ft-House-Plans-3-Bedroom-Indian-Style-724x1024.jpg', '2 Floor', '2023-04-24 11:17:35', 1),
(68, 'Opera Palace', '<p>Opera Palace Many completed, as well as under-construction residential projects in the area are Shreepad Park Arena, Blu Sparsh, Blu Quince, Galaxy Aventura, and Green City Gold. Your home will now serve as a perfect getaway after a tiring day at work, as Hallmark Treasor ambiance will make you forget that you are in the heart of the city, Kokapet. Pune</p>', 'apartment', '1 BHK', 'sale', 1, 1, 1, 1, 1, '2nd Floor', 1000, 1800000, 'Vasu Complex near Pune', 'Pune', 'Maharashtra', '<p>&nbsp;</p>\r\n<!---feature area start--->\r\n<div class=\"col-md-4\">\r\n<ul>\r\n<li class=\"mb-3\"><span class=\"text-secondary font-weight-bold\">Property Age : </span>10 Years</li>\r\n<li class=\"mb-3\"><span class=\"text-secondary font-weight-bold\">Swiming Pool : </span>Yes</li>\r\n<li class=\"mb-3\"><span class=\"text-secondary font-weight-bold\">Parking : </span>Yes</li>\r\n<li class=\"mb-3\"><span class=\"text-secondary font-weight-bold\">GYM : </span>Yes</li>\r\n</ul>\r\n</div>\r\n<div class=\"col-md-4\">\r\n<ul>\r\n<li class=\"mb-3\"><span class=\"text-secondary font-weight-bold\">Type : </span>Apartment</li>\r\n<li class=\"mb-3\"><span class=\"text-secondary font-weight-bold\">Security : </span>Yes</li>\r\n<li class=\"mb-3\"><span class=\"text-secondary font-weight-bold\">Dining Capacity : </span>10 People</li>\r\n<li class=\"mb-3\"><span class=\"text-secondary font-weight-bold\">Church/Temple : </span>No</li>\r\n</ul>\r\n</div>\r\n<div class=\"col-md-4\">\r\n<ul>\r\n<li class=\"mb-3\"><span class=\"text-secondary font-weight-bold\">3rd Party : </span>No</li>\r\n<li class=\"mb-3\"><span class=\"text-secondary font-weight-bold\">Elevator : </span>Yes</li>\r\n<li class=\"mb-3\"><span class=\"text-secondary font-weight-bold\">CCTV : </span>Yes</li>\r\n<li class=\"mb-3\"><span class=\"text-secondary font-weight-bold\">Water Supply : </span>Ground Water / Tank</li>\r\n</ul>\r\n</div>\r\n<!---feature area end---->\r\n<p>&nbsp;</p>', 'apartment-14999441.jpg', '5490908e53f3d76eebdc438bb64885f6c-f2065835873od-w1024_h768_x2.webp', '5490908e53f3d76eebdc438bb64885f6c-f1734440900od-w1024_h768_x2.webp', '5490908e53f3d76eebdc438bb64885f6c-f1749615236od-w1024_h768_x2.webp', '650ffc6667b7d247fcb541a7368187c8i-f2039402565od-w1024_h768_x2.webp', 85, 'available', '209d6f3896b1a9f4ff1c6fd53cd9e788.jpg', '20-By-20-House-Plan.jpg', '1000-Sq-Ft-House-Plans-3-Bedroom-Indian-Style-724x1024.jpg', '4 Floor', '2023-04-24 11:30:22', 1),
(69, 'Shivay Houshing', '<p>Shivay is 3 BHK houshing soc this property is the 2 Badroom, 2 Bathroom,1Hall and this property is good location in the area</p>\r\n<p><span class=\"sc-dxhf6u-0 beyaFd sc-42mqda-0 vThrL\">Plot Area -1120 sq.ft.</span><br /><span class=\"sc-dxhf6u-0 beyaFd sc-42mqda-0 vThrL\">Super Built-up Area - 1200</span></p>', 'house', '2 BHK', 'rent', 2, 2, 1, 1, 1, '3rd Floor', 1120, 6500, 'Cossway park,Nagpur', 'Nagpur', 'Maharashtra', '<p>&nbsp;</p>\r\n<!---feature area start--->\r\n<div class=\"col-md-4\">\r\n<ul>\r\n<li class=\"mb-3\"><span class=\"text-secondary font-weight-bold\">Property Age : </span>10 Years</li>\r\n<li class=\"mb-3\"><span class=\"text-secondary font-weight-bold\">Swiming Pool : </span>Yes</li>\r\n<li class=\"mb-3\"><span class=\"text-secondary font-weight-bold\">Parking : </span>Yes</li>\r\n<li class=\"mb-3\"><span class=\"text-secondary font-weight-bold\">GYM : </span>Yes</li>\r\n</ul>\r\n</div>\r\n<div class=\"col-md-4\">\r\n<ul>\r\n<li class=\"mb-3\"><span class=\"text-secondary font-weight-bold\">Type : House</span></li>\r\n<li class=\"mb-3\"><span class=\"text-secondary font-weight-bold\">Security : </span>Yes</li>\r\n<li class=\"mb-3\"><span class=\"text-secondary font-weight-bold\">Dining Capacity : </span>10 People</li>\r\n<li class=\"mb-3\"><span class=\"text-secondary font-weight-bold\">Church/Temple : </span>No</li>\r\n</ul>\r\n</div>\r\n<div class=\"col-md-4\">\r\n<ul>\r\n<li class=\"mb-3\"><span class=\"text-secondary font-weight-bold\">3rd Party : </span>No</li>\r\n<li class=\"mb-3\"><span class=\"text-secondary font-weight-bold\">Elevator : </span>Yes</li>\r\n<li class=\"mb-3\"><span class=\"text-secondary font-weight-bold\">CCTV : </span>Yes</li>\r\n<li class=\"mb-3\"><span class=\"text-secondary font-weight-bold\">Water Supply : </span>Ground Water / Tank</li>\r\n</ul>\r\n</div>\r\n<!---feature area end---->\r\n<p>&nbsp;</p>', 'wood-white-and-charcoal-modern-exterior-paint-themes.jpg', '4dc6b6305ae7decb0095de606618e12dc-f3150211657od-w1024_h768_x2.webp', '4dc6b6305ae7decb0095de606618e12dc-f2040448547od-w1024_h768_x2.webp', 'davide-colonna-DZrZhVd_wR0-unsplash.jpg', 'adam-winger-VGs8z60yT2c-unsplash.jpg', 86, 'available', 'download.png', 'image_750x_63772bc07c74e.jpg', '1000-Sq-Ft-House-Plans-3-Bedroom-Indian-Style-724x1024.jpg', '3 Floor', '2023-04-24 11:40:43', 1),
(70, 'Elite Luxaria', '<div class=\"css-10ul8x e1q3nk1v2\"><span class=\"one-click-content css-nnyc96 e1q3nk1v1\" data-term=\"activities\" data-linkid=\"nn1ov4\">a relatively permanent enclosed construction over a plot of land, having a roof and usually windows and often more than one level, used for any of a wide variety of activities, as living, entertaining, or manufacturing.</span></div>\r\n<div class=\"css-1o7vb91 e1q3nk1v2\"><span class=\"one-click-content css-nnyc96 e1q3nk1v1\">anything&nbsp;built&nbsp;or constructed.</span></div>\r\n<div class=\"css-1gk252f e1q3nk1v2\"><span class=\"one-click-content css-nnyc96 e1q3nk1v1\" data-term=\"practice\" data-linkid=\"nn1ov4\">the act, business, or practice of constructing houses, office buildings, etc.</span></div>', 'building', '5 BHK', 'sale', 5, 4, 3, 1, 1, '2nd Floor', 4579, 8900000, 'Near Kotah Garh,	Kota', 'Kota', 'Rajasthan', '<p>&nbsp;</p>\r\n<!---feature area start--->\r\n<div class=\"col-md-4\">\r\n<ul>\r\n<li class=\"mb-3\"><span class=\"text-secondary font-weight-bold\">Property Age : </span>10 Years</li>\r\n<li class=\"mb-3\"><span class=\"text-secondary font-weight-bold\">Swiming Pool : </span>Yes</li>\r\n<li class=\"mb-3\"><span class=\"text-secondary font-weight-bold\">Parking : </span>Yes</li>\r\n<li class=\"mb-3\"><span class=\"text-secondary font-weight-bold\">GYM : </span>Yes</li>\r\n</ul>\r\n</div>\r\n<div class=\"col-md-4\">\r\n<ul>\r\n<li class=\"mb-3\"><span class=\"text-secondary font-weight-bold\">Type : Building</span></li>\r\n<li class=\"mb-3\"><span class=\"text-secondary font-weight-bold\">Security : </span>Yes</li>\r\n<li class=\"mb-3\"><span class=\"text-secondary font-weight-bold\">Dining Capacity : </span>10 People</li>\r\n<li class=\"mb-3\"><span class=\"text-secondary font-weight-bold\">Church/Temple : </span>No</li>\r\n</ul>\r\n</div>\r\n<div class=\"col-md-4\">\r\n<ul>\r\n<li class=\"mb-3\"><span class=\"text-secondary font-weight-bold\">3rd Party : </span>No</li>\r\n<li class=\"mb-3\"><span class=\"text-secondary font-weight-bold\">Elevator : </span>Yes</li>\r\n<li class=\"mb-3\"><span class=\"text-secondary font-weight-bold\">CCTV : </span>Yes</li>\r\n<li class=\"mb-3\"><span class=\"text-secondary font-weight-bold\">Water Supply : </span>Ground Water / Tank</li>\r\n</ul>\r\n</div>\r\n<!---feature area end---->\r\n<p>&nbsp;</p>', '800wm.jpg', 'adam-winger-PCDlE94JjcI-unsplash.jpg', 'andrea-davis-IWfe63thJxk-unsplash.jpg', 'bilal-mansuri-9XzSjEdX61E-unsplash.jpg', 'clay-elliot-1by_GbwEMwc-unsplash.jpg', 86, 'sold out', '209d6f3896b1a9f4ff1c6fd53cd9e788.jpg', '1000-Sq-Ft-House-Plans-3-Bedroom-Indian-Style-724x1024.jpg', 'TX176-GROUND-FLOOR_page-0001.jpg', '7 Floor', '2023-04-24 11:53:21', 1),
(71, 'The Enclave', '<p>&nbsp;It offers Flate in varied budget range. These units are a perfect combination of comfort and style, specifically designed to suit your requirements and conveniences. There are 1BHK, 2BHK&nbsp; 3BHK and 5BHK Apartments available in this project.</p>', 'flat', '3 BHK', 'sale', 3, 2, 1, 1, 1, '4th Floor', 2340, 3300000, 'Opp. Laxmi Ranthiya Rath,Ludhiana', 'Ludhiana', 'Punjab', '<p>&nbsp;</p>\r\n<!---feature area start--->\r\n<div class=\"col-md-4\">\r\n<ul>\r\n<li class=\"mb-3\"><span class=\"text-secondary font-weight-bold\">Property Age : </span>10 Years</li>\r\n<li class=\"mb-3\"><span class=\"text-secondary font-weight-bold\">Swiming Pool : </span>Yes</li>\r\n<li class=\"mb-3\"><span class=\"text-secondary font-weight-bold\">Parking : </span>Yes</li>\r\n<li class=\"mb-3\"><span class=\"text-secondary font-weight-bold\">GYM : </span>Yes</li>\r\n</ul>\r\n</div>\r\n<div class=\"col-md-4\">\r\n<ul>\r\n<li class=\"mb-3\"><span class=\"text-secondary font-weight-bold\">Type : </span>Flate</li>\r\n<li class=\"mb-3\"><span class=\"text-secondary font-weight-bold\">Security : </span>Yes</li>\r\n<li class=\"mb-3\"><span class=\"text-secondary font-weight-bold\">Dining Capacity : </span>10 People</li>\r\n<li class=\"mb-3\"><span class=\"text-secondary font-weight-bold\">Church/Temple : </span>No</li>\r\n</ul>\r\n</div>\r\n<div class=\"col-md-4\">\r\n<ul>\r\n<li class=\"mb-3\"><span class=\"text-secondary font-weight-bold\">3rd Party : </span>No</li>\r\n<li class=\"mb-3\"><span class=\"text-secondary font-weight-bold\">Elevator : </span>Yes</li>\r\n<li class=\"mb-3\"><span class=\"text-secondary font-weight-bold\">CCTV : </span>Yes</li>\r\n<li class=\"mb-3\"><span class=\"text-secondary font-weight-bold\">Water Supply : </span>Ground Water / Tank</li>\r\n</ul>\r\n</div>\r\n<!---feature area end---->\r\n<p>&nbsp;</p>', 'istockphoto-522540838-612x612.jpg', 'davide-colonna-DZrZhVd_wR0-unsplash.jpg', 'esaias-tan-whoL0IGd5Ec-unsplash.jpg', '3f942a065763444d7bffb72f4ca1d657.jpg', 'e64656eb4820f3cf24ab33885a360d89.png', 87, 'available', '20-By-20-House-Plan.jpg', '2bedroom-indian-style-plan.jpg', '1000-Sq-Ft-House-Plans-3-Bedroom-Indian-Style-724x1024.jpg', '10 Floor', '2023-04-25 11:43:34', 1),
(72, 'The Harbor', '<p>A Premium and beautiful farm stay, wedding and party venue with 4 spacious, well furnished and luxury villa bedrooms. It has gazebo overlooking swimming pool, patio and well kept huge beautiful garden. The venue can be used for different functions big and small with amazing day and night views. Its near airport and dumas beach. Reasonably priced with ample parking space and security.\"</p>', 'villa', '4 BHK', 'rent', 4, 4, 2, 1, 1, '2nd Floor', 5000, 75500, ' Near Khalsa College,Amritsar', 'Amritsar', 'Punjab', '<p>&nbsp;</p>\r\n<!---feature area start--->\r\n<div class=\"col-md-4\">\r\n<ul>\r\n<li class=\"mb-3\"><span class=\"text-secondary font-weight-bold\">Property Age : </span>10 Years</li>\r\n<li class=\"mb-3\"><span class=\"text-secondary font-weight-bold\">Swiming Pool : </span>Yes</li>\r\n<li class=\"mb-3\"><span class=\"text-secondary font-weight-bold\">Parking : </span>Yes</li>\r\n<li class=\"mb-3\"><span class=\"text-secondary font-weight-bold\">GYM : </span>Yes</li>\r\n</ul>\r\n</div>\r\n<div class=\"col-md-4\">\r\n<ul>\r\n<li class=\"mb-3\"><span class=\"text-secondary font-weight-bold\">Type : Villa</span></li>\r\n<li class=\"mb-3\"><span class=\"text-secondary font-weight-bold\">Security : </span>Yes</li>\r\n<li class=\"mb-3\"><span class=\"text-secondary font-weight-bold\">Dining Capacity : </span>10 People</li>\r\n<li class=\"mb-3\"><span class=\"text-secondary font-weight-bold\">Church/Temple : </span>No</li>\r\n</ul>\r\n</div>\r\n<div class=\"col-md-4\">\r\n<ul>\r\n<li class=\"mb-3\"><span class=\"text-secondary font-weight-bold\">3rd Party : </span>No</li>\r\n<li class=\"mb-3\"><span class=\"text-secondary font-weight-bold\">Elevator : </span>Yes</li>\r\n<li class=\"mb-3\"><span class=\"text-secondary font-weight-bold\">CCTV : </span>Yes</li>\r\n<li class=\"mb-3\"><span class=\"text-secondary font-weight-bold\">Water Supply : </span>Ground Water / Tank</li>\r\n</ul>\r\n</div>\r\n<!---feature area end---->\r\n<p>&nbsp;</p>', 'Villa-Gaia-1-scaled.jpeg', 'bas-van-den-eijkhof-uLIalTHWgZ8-unsplash.jpg', 'bilal-mansuri-9XzSjEdX61E-unsplash.jpg', 'fernando-alvarez-rodriguez-M7GddPqJowg-unsplash.jpg', 'ran-berkovich-MtvmcxQY7EM-unsplash.jpg', 87, 'sold out', '209d6f3896b1a9f4ff1c6fd53cd9e788.jpg', '2bedroom-indian-style-plan.jpg', '1000-Sq-Ft-House-Plans-3-Bedroom-Indian-Style-724x1024.jpg', '3 Floor', '2023-04-25 12:16:12', 1),
(73, 'Skyline', '<p>Underground wiring Jogging track Swimming pool Tennis court &amp; badminton court Cctv security Lush green outdoors Garden view for maximum homes Power back-Up for essential services 24*7 two-Tier security</p>', 'building', '5+ BHK', 'sale', 6, 4, 3, 1, 1, '5th Floor', 6789, 15500000, 'Eco Homes 66 Feet Road, Jalandhar', 'Jalandhar', 'Punjab', '<p>&nbsp;</p>\r\n<!---feature area start--->\r\n<div class=\"col-md-4\">\r\n<ul>\r\n<li class=\"mb-3\"><span class=\"text-secondary font-weight-bold\">Property Age : </span>10 Years</li>\r\n<li class=\"mb-3\"><span class=\"text-secondary font-weight-bold\">Swiming Pool : </span>Yes</li>\r\n<li class=\"mb-3\"><span class=\"text-secondary font-weight-bold\">Parking : </span>Yes</li>\r\n<li class=\"mb-3\"><span class=\"text-secondary font-weight-bold\">GYM : </span>Yes</li>\r\n</ul>\r\n</div>\r\n<div class=\"col-md-4\">\r\n<ul>\r\n<li class=\"mb-3\"><span class=\"text-secondary font-weight-bold\">Type : Building</span></li>\r\n<li class=\"mb-3\"><span class=\"text-secondary font-weight-bold\">Security : </span>Yes</li>\r\n<li class=\"mb-3\"><span class=\"text-secondary font-weight-bold\">Dining Capacity : </span>10 People</li>\r\n<li class=\"mb-3\"><span class=\"text-secondary font-weight-bold\">Church/Temple : </span>No</li>\r\n</ul>\r\n</div>\r\n<div class=\"col-md-4\">\r\n<ul>\r\n<li class=\"mb-3\"><span class=\"text-secondary font-weight-bold\">3rd Party : </span>No</li>\r\n<li class=\"mb-3\"><span class=\"text-secondary font-weight-bold\">Elevator : </span>Yes</li>\r\n<li class=\"mb-3\"><span class=\"text-secondary font-weight-bold\">CCTV : </span>Yes</li>\r\n<li class=\"mb-3\"><span class=\"text-secondary font-weight-bold\">Water Supply : </span>Ground Water / Tank</li>\r\n</ul>\r\n</div>\r\n<!---feature area end---->\r\n<p>&nbsp;</p>', 'istockphoto-1322575582-612x612.jpg', '52e130a7232e5561f0cf070c21fe07ab.jpg', 'e9a4ec0636afec39573618737b973e5d.jpg', 'images (2).jpg', 'adam-winger-VGs8z60yT2c-unsplash.jpg', 88, 'sold out', '209d6f3896b1a9f4ff1c6fd53cd9e788.jpg', '20-By-20-House-Plan.jpg', '1000-Sq-Ft-House-Plans-3-Bedroom-Indian-Style-724x1024.jpg', '6 Floor', '2023-04-25 12:25:33', 1),
(74, 'The Port ', '<p>Jaquar or grohe makes fitting in washrooms and kitchen Wardrobe in all bedrooms Green park Kids play area Touch screen chimney Premium clubhouse Banquet hall Swimming pool Gym Green and peaceful location Premium quality vitrified tiles Green and peaceful location Gated community Cctv security 24x7 water supply 24x7 security</p>', 'apartment', '1 BHK', 'sale', 1, 1, 1, 1, 1, '1st Floor', 987, 1100000, 'Port Heights Pholriwal, Dehradun', 'Dehradun', 'Uttarakhand', '<p>&nbsp;</p>\r\n<!---feature area start--->\r\n<div class=\"col-md-4\">\r\n<ul>\r\n<li class=\"mb-3\"><span class=\"text-secondary font-weight-bold\">Property Age : </span>10 Years</li>\r\n<li class=\"mb-3\"><span class=\"text-secondary font-weight-bold\">Swiming Pool : </span>Yes</li>\r\n<li class=\"mb-3\"><span class=\"text-secondary font-weight-bold\">Parking : </span>Yes</li>\r\n<li class=\"mb-3\"><span class=\"text-secondary font-weight-bold\">GYM : </span>Yes</li>\r\n</ul>\r\n</div>\r\n<div class=\"col-md-4\">\r\n<ul>\r\n<li class=\"mb-3\"><span class=\"text-secondary font-weight-bold\">Type : </span>Apartment</li>\r\n<li class=\"mb-3\"><span class=\"text-secondary font-weight-bold\">Security : </span>Yes</li>\r\n<li class=\"mb-3\"><span class=\"text-secondary font-weight-bold\">Dining Capacity : </span>10 People</li>\r\n<li class=\"mb-3\"><span class=\"text-secondary font-weight-bold\">Church/Temple : </span>No</li>\r\n</ul>\r\n</div>\r\n<div class=\"col-md-4\">\r\n<ul>\r\n<li class=\"mb-3\"><span class=\"text-secondary font-weight-bold\">3rd Party : </span>No</li>\r\n<li class=\"mb-3\"><span class=\"text-secondary font-weight-bold\">Elevator : </span>Yes</li>\r\n<li class=\"mb-3\"><span class=\"text-secondary font-weight-bold\">CCTV : </span>Yes</li>\r\n<li class=\"mb-3\"><span class=\"text-secondary font-weight-bold\">Water Supply : </span>Ground Water / Tank</li>\r\n</ul>\r\n</div>\r\n<!---feature area end---->\r\n<p>&nbsp;</p>', 'istockphoto-1288397982-612x612.jpg', '0cedd7c152d659dbfa680bbafb03c9c5c-f1079011273od-w480_h360_x2.webp', '0cedd7c152d659dbfa680bbafb03c9c5c-f1115180486od-w480_h360_x2.webp', '0cedd7c152d659dbfa680bbafb03c9c5c-f2990889915od-w480_h360_x2.webp', '0cedd7c152d659dbfa680bbafb03c9c5c-f340379612od-w480_h360_x2.webp', 89, 'sold out', '209d6f3896b1a9f4ff1c6fd53cd9e788.jpg', '20-By-20-House-Plan.jpg', '1000-Sq-Ft-House-Plans-3-Bedroom-Indian-Style-724x1024.jpg', '3 Floor', '2023-04-25 12:36:04', 1),
(75, 'Wells Place', '<p>Almora city we offer built up independent House / villas and plots for sale at a Budget Price Which Suits Everyone pockets. The Projects is designed with all basic infrastructure and Basic Amenities required for a comfortable and ecofriendly living with more than 250 families Residing in the colony and gated single point entry it makes colony very much safe for all Residents.</p>', 'house', '2 BHK', 'rent', 2, 2, 2, 1, 1, '2nd Floor', 553, 8000, ' new rasila nagar, Almota', 'Almora', 'Uttarakhand', '<p>&nbsp;</p>\r\n<!---feature area start--->\r\n<div class=\"col-md-4\">\r\n<ul>\r\n<li class=\"mb-3\"><span class=\"text-secondary font-weight-bold\">Property Age : </span>10 Years</li>\r\n<li class=\"mb-3\"><span class=\"text-secondary font-weight-bold\">Swiming Pool : </span>Yes</li>\r\n<li class=\"mb-3\"><span class=\"text-secondary font-weight-bold\">Parking : </span>Yes</li>\r\n<li class=\"mb-3\"><span class=\"text-secondary font-weight-bold\">GYM : </span>Yes</li>\r\n</ul>\r\n</div>\r\n<div class=\"col-md-4\">\r\n<ul>\r\n<li class=\"mb-3\"><span class=\"text-secondary font-weight-bold\">Type : House</span></li>\r\n<li class=\"mb-3\"><span class=\"text-secondary font-weight-bold\">Security : </span>Yes</li>\r\n<li class=\"mb-3\"><span class=\"text-secondary font-weight-bold\">Dining Capacity : </span>10 People</li>\r\n<li class=\"mb-3\"><span class=\"text-secondary font-weight-bold\">Church/Temple : </span>No</li>\r\n</ul>\r\n</div>\r\n<div class=\"col-md-4\">\r\n<ul>\r\n<li class=\"mb-3\"><span class=\"text-secondary font-weight-bold\">3rd Party : </span>No</li>\r\n<li class=\"mb-3\"><span class=\"text-secondary font-weight-bold\">Elevator : </span>Yes</li>\r\n<li class=\"mb-3\"><span class=\"text-secondary font-weight-bold\">CCTV : </span>Yes</li>\r\n<li class=\"mb-3\"><span class=\"text-secondary font-weight-bold\">Water Supply : </span>Ground Water / Tank</li>\r\n</ul>\r\n</div>\r\n<!---feature area end---->\r\n<p>&nbsp;</p>', '12-122750_house-wallpaper-dream-house.jpg', '19ffca42035e8c7a6fe9f04c77db1006l-m771841985od-w1024_h768_x2.webp', '19ffca42035e8c7a6fe9f04c77db1006l-m1074654515od-w1024_h768_x2.webp', '19ffca42035e8c7a6fe9f04c77db1006l-m753222358od-w1024_h768_x2.webp', '19ffca42035e8c7a6fe9f04c77db1006l-m2087131149od-w1024_h768_x2.webp', 89, 'available', '209d6f3896b1a9f4ff1c6fd53cd9e788.jpg', '20-By-20-House-Plan.jpg', '1000-Sq-Ft-House-Plans-3-Bedroom-Indian-Style-724x1024.jpg', '4 Floor', '2023-04-25 12:42:34', 1),
(76, 'The Jacks', '<p>The colony has municipal electricity,water and sewage connection and a 30 feet main road and 22 feet connecting roads.Contact us for plots or a fully constructed house of your dreams with every amenity required by you and your family and join a very peaceful and friendly neighbourhood.</p>\r\n<p>&nbsp;</p>\r\n<p>Loans at very competent rate are available by any bank of your choice.We will help you at every step.</p>', 'flat', '3 BHK', 'sale', 3, 3, 2, 1, 1, '3rd Floor', 2543, 4300000, 'Gurbaksh estate, Jaipur', 'Jaipur', 'Rajasthan', '<p>&nbsp;</p>\r\n<!---feature area start--->\r\n<div class=\"col-md-4\">\r\n<ul>\r\n<li class=\"mb-3\"><span class=\"text-secondary font-weight-bold\">Property Age : </span>10 Years</li>\r\n<li class=\"mb-3\"><span class=\"text-secondary font-weight-bold\">Swiming Pool : </span>Yes</li>\r\n<li class=\"mb-3\"><span class=\"text-secondary font-weight-bold\">Parking : </span>Yes</li>\r\n<li class=\"mb-3\"><span class=\"text-secondary font-weight-bold\">GYM : </span>Yes</li>\r\n</ul>\r\n</div>\r\n<div class=\"col-md-4\">\r\n<ul>\r\n<li class=\"mb-3\"><span class=\"text-secondary font-weight-bold\">Type : </span>Flate</li>\r\n<li class=\"mb-3\"><span class=\"text-secondary font-weight-bold\">Security : </span>Yes</li>\r\n<li class=\"mb-3\"><span class=\"text-secondary font-weight-bold\">Dining Capacity : </span>10 People</li>\r\n<li class=\"mb-3\"><span class=\"text-secondary font-weight-bold\">Church/Temple : </span>No</li>\r\n</ul>\r\n</div>\r\n<div class=\"col-md-4\">\r\n<ul>\r\n<li class=\"mb-3\"><span class=\"text-secondary font-weight-bold\">3rd Party : </span>No</li>\r\n<li class=\"mb-3\"><span class=\"text-secondary font-weight-bold\">Elevator : </span>Yes</li>\r\n<li class=\"mb-3\"><span class=\"text-secondary font-weight-bold\">CCTV : </span>Yes</li>\r\n<li class=\"mb-3\"><span class=\"text-secondary font-weight-bold\">Water Supply : </span>Ground Water / Tank</li>\r\n</ul>\r\n</div>\r\n<!---feature area end---->\r\n<p>&nbsp;</p>', 'pexels-photo-259781.jpg', 'fs.jpeg (6).webp', '080d8eacc690f7ba2f07903606900c28c-f360383604od-w1024_h768_x2.webp', '080d8eacc690f7ba2f07903606900c28c-f3892265023od-w1024_h768_x2.webp', '4dc6b6305ae7decb0095de606618e12dc-f2898794251od-w1024_h768_x2.webp', 89, 'sold out', '209d6f3896b1a9f4ff1c6fd53cd9e788.jpg', '20-By-20-House-Plan.jpg', '1000-Sq-Ft-House-Plans-3-Bedroom-Indian-Style-724x1024.jpg', '9 Floor', '2023-04-25 12:55:11', 1),
(77, 'Broadway Lofts', '<p>Farmhouse available for Rent in prime location</p>', 'villa', '4 BHK', 'rent', 4, 4, 3, 1, 1, '1st Floor', 2100, 8000, 'Manpura, Bhopal', 'Bhopal', 'Madhya Pradesh', '<p>&nbsp;</p>\r\n<!---feature area start--->\r\n<div class=\"col-md-4\">\r\n<ul>\r\n<li class=\"mb-3\"><span class=\"text-secondary font-weight-bold\">Property Age : </span>10 Years</li>\r\n<li class=\"mb-3\"><span class=\"text-secondary font-weight-bold\">Swiming Pool : </span>Yes</li>\r\n<li class=\"mb-3\"><span class=\"text-secondary font-weight-bold\">Parking : </span>Yes</li>\r\n<li class=\"mb-3\"><span class=\"text-secondary font-weight-bold\">GYM : </span>Yes</li>\r\n</ul>\r\n</div>\r\n<div class=\"col-md-4\">\r\n<ul>\r\n<li class=\"mb-3\"><span class=\"text-secondary font-weight-bold\">Type : </span>Villa</li>\r\n<li class=\"mb-3\"><span class=\"text-secondary font-weight-bold\">Security : </span>Yes</li>\r\n<li class=\"mb-3\"><span class=\"text-secondary font-weight-bold\">Dining Capacity : </span>10 People</li>\r\n<li class=\"mb-3\"><span class=\"text-secondary font-weight-bold\">Church/Temple : </span>No</li>\r\n</ul>\r\n</div>\r\n<div class=\"col-md-4\">\r\n<ul>\r\n<li class=\"mb-3\"><span class=\"text-secondary font-weight-bold\">3rd Party : </span>No</li>\r\n<li class=\"mb-3\"><span class=\"text-secondary font-weight-bold\">Elevator : </span>Yes</li>\r\n<li class=\"mb-3\"><span class=\"text-secondary font-weight-bold\">CCTV : </span>Yes</li>\r\n<li class=\"mb-3\"><span class=\"text-secondary font-weight-bold\">Water Supply : </span>Ground Water / Tank</li>\r\n</ul>\r\n</div>\r\n<!---feature area end---->\r\n<p>&nbsp;</p>', 'Deep-Villa-Atrey-and-Associates-New-Delhi-ndia-Amazing-Architecture-House.jpg', 'adam-winger-PCDlE94JjcI-unsplash.jpg', 'alejandra-cifre-gonzalez-ylyn5r4vxcA-unsplash.jpg', 'collov-home-design-MopQfWaJFiw-unsplash.jpg', 'francesca-tosolini-D7a8yW1MxQM-unsplash.jpg', 89, 'available', 'download (1).jpg', '20-By-20-House-Plan.jpg', '1000-Sq-Ft-House-Plans-3-Bedroom-Indian-Style-724x1024.jpg', '2 Floor', '2023-04-25 13:03:47', 1),
(78, 'Virage Luxury', '<p>It is a superbly design project set amidst excellent surroundings and offers residents a world-class infrastructure. Look at its range of general amenities to premium amenities that include Multipurpose Hall, Lift(s), Senior Citizen Sitout, Security Cabin, Basketball Court and what not. Now, you can buy this exclusive 5 BHK flat</p>', 'building', '5 BHK', 'rent', 5, 3, 2, 1, 1, '4th Floor', 7655, 65000, 'Althan, Surat', 'Surat', 'Gujarat', '<p>&nbsp;</p>\r\n<!---feature area start--->\r\n<div class=\"col-md-4\">\r\n<ul>\r\n<li class=\"mb-3\"><span class=\"text-secondary font-weight-bold\">Property Age : </span>10 Years</li>\r\n<li class=\"mb-3\"><span class=\"text-secondary font-weight-bold\">Swiming Pool : </span>Yes</li>\r\n<li class=\"mb-3\"><span class=\"text-secondary font-weight-bold\">Parking : </span>Yes</li>\r\n<li class=\"mb-3\"><span class=\"text-secondary font-weight-bold\">GYM : </span>Yes</li>\r\n</ul>\r\n</div>\r\n<div class=\"col-md-4\">\r\n<ul>\r\n<li class=\"mb-3\"><span class=\"text-secondary font-weight-bold\">Type : </span>Builiding</li>\r\n<li class=\"mb-3\"><span class=\"text-secondary font-weight-bold\">Security : </span>Yes</li>\r\n<li class=\"mb-3\"><span class=\"text-secondary font-weight-bold\">Dining Capacity : </span>10 People</li>\r\n<li class=\"mb-3\"><span class=\"text-secondary font-weight-bold\">Church/Temple : </span>No</li>\r\n</ul>\r\n</div>\r\n<div class=\"col-md-4\">\r\n<ul>\r\n<li class=\"mb-3\"><span class=\"text-secondary font-weight-bold\">3rd Party : </span>No</li>\r\n<li class=\"mb-3\"><span class=\"text-secondary font-weight-bold\">Elevator : </span>Yes</li>\r\n<li class=\"mb-3\"><span class=\"text-secondary font-weight-bold\">CCTV : </span>Yes</li>\r\n<li class=\"mb-3\"><span class=\"text-secondary font-weight-bold\">Water Supply : </span>Ground Water / Tank</li>\r\n</ul>\r\n</div>\r\n<!---feature area end---->\r\n<p>&nbsp;</p>', 'istockphoto-1306005048-612x612.jpg', '3ecca572296c7351cedbd2f20a11add6i-f511626590od-w1024_h768_x2.webp', '4e7133876b74b7657d660e874ed2d5bcl-m324799365od-w1024_h768_x2.webp', 'e3375baf0b57a6fbae3e7778ccc1dbc3c-f1603651332od-w1024_h768_x2.webp', 'e3375baf0b57a6fbae3e7778ccc1dbc3c-f2505101421od-w1024_h768_x2.webp', 89, 'available', '209d6f3896b1a9f4ff1c6fd53cd9e788.jpg', '1000-Sq-Ft-House-Plans-3-Bedroom-Indian-Style-724x1024.jpg', '20-By-20-House-Plan.jpg', '8 Floor', '2023-04-25 13:17:09', 1),
(79, 'Uptown Apartment', '<p>The flat is facing the east direction. Containing 1 bedroom(s), 1 bathrooms and 1 balcony, this flat is spread over a super built up area of 1200 sq.Ft. The residential building has 12 floors in total and the flat for sale is located on the 4th floor. Moreover, the flat is currently under construction and possession is expected by 2024. The floor of this flat is beautifully designed using vitrified flooring, giving the flat an alluring look. Many of the modern amenities being offered, like maintenance staff, visitor parking, lift(s), park, club house / community center, security personnel, fitness centre / gym, swimming pool and water softening plant, will provide a pleasant living experience for you. The society provides continuous water supply from borewell/tank and municipal corporation.</p>', 'apartment', '1 BHK', 'sale', 1, 1, 1, 1, 1, '4th Floor', 1200, 2100000, 'Nikol,Ahmedabad', 'Ahmedabad', 'Gujarat', '<p>&nbsp;</p>\r\n<!---feature area start--->\r\n<div class=\"col-md-4\">\r\n<ul>\r\n<li class=\"mb-3\"><span class=\"text-secondary font-weight-bold\">Property Age : </span>10 Years</li>\r\n<li class=\"mb-3\"><span class=\"text-secondary font-weight-bold\">Swiming Pool : </span>Yes</li>\r\n<li class=\"mb-3\"><span class=\"text-secondary font-weight-bold\">Parking : </span>Yes</li>\r\n<li class=\"mb-3\"><span class=\"text-secondary font-weight-bold\">GYM : </span>Yes</li>\r\n</ul>\r\n</div>\r\n<div class=\"col-md-4\">\r\n<ul>\r\n<li class=\"mb-3\"><span class=\"text-secondary font-weight-bold\">Type : </span>Apartment</li>\r\n<li class=\"mb-3\"><span class=\"text-secondary font-weight-bold\">Security : </span>Yes</li>\r\n<li class=\"mb-3\"><span class=\"text-secondary font-weight-bold\">Dining Capacity : </span>10 People</li>\r\n<li class=\"mb-3\"><span class=\"text-secondary font-weight-bold\">Church/Temple : </span>No</li>\r\n</ul>\r\n</div>\r\n<div class=\"col-md-4\">\r\n<ul>\r\n<li class=\"mb-3\"><span class=\"text-secondary font-weight-bold\">3rd Party : </span>No</li>\r\n<li class=\"mb-3\"><span class=\"text-secondary font-weight-bold\">Elevator : </span>Yes</li>\r\n<li class=\"mb-3\"><span class=\"text-secondary font-weight-bold\">CCTV : </span>Yes</li>\r\n<li class=\"mb-3\"><span class=\"text-secondary font-weight-bold\">Water Supply : </span>Ground Water / Tank</li>\r\n</ul>\r\n</div>\r\n<!---feature area end---->\r\n<p>&nbsp;</p>', 'pexels-anthony-gideon-1446378.jpg', 'fs.jpeg (2).webp', 'fs.jpeg (7).webp', 'fs.jpeg (6).webp', 'fs.jpeg (4).webp', 90, 'sold out', '209d6f3896b1a9f4ff1c6fd53cd9e788.jpg', '20-By-20-House-Plan.jpg', '1000-Sq-Ft-House-Plans-3-Bedroom-Indian-Style-724x1024.jpg', '12 Floor', '2023-04-25 13:28:07', 1),
(80, 'Downtown Haven', '<p>Corner plot in adajan at reasonable price, gated society in posh area of sangna society, top doctors, engineers, politicians resides in society</p>', 'house', '2 BHK', 'rent', 2, 1, 1, 1, 1, '1st Floor', 2100, 20000, 'Adajan, Surat', 'Surat', 'Gujarat', '<p>&nbsp;</p>\r\n<!---feature area start--->\r\n<div class=\"col-md-4\">\r\n<ul>\r\n<li class=\"mb-3\"><span class=\"text-secondary font-weight-bold\">Property Age : </span>10 Years</li>\r\n<li class=\"mb-3\"><span class=\"text-secondary font-weight-bold\">Swiming Pool : </span>Yes</li>\r\n<li class=\"mb-3\"><span class=\"text-secondary font-weight-bold\">Parking : </span>Yes</li>\r\n<li class=\"mb-3\"><span class=\"text-secondary font-weight-bold\">GYM : </span>Yes</li>\r\n</ul>\r\n</div>\r\n<div class=\"col-md-4\">\r\n<ul>\r\n<li class=\"mb-3\"><span class=\"text-secondary font-weight-bold\">Type : House</span></li>\r\n<li class=\"mb-3\"><span class=\"text-secondary font-weight-bold\">Security : </span>Yes</li>\r\n<li class=\"mb-3\"><span class=\"text-secondary font-weight-bold\">Dining Capacity : </span>10 People</li>\r\n<li class=\"mb-3\"><span class=\"text-secondary font-weight-bold\">Church/Temple : </span>No</li>\r\n</ul>\r\n</div>\r\n<div class=\"col-md-4\">\r\n<ul>\r\n<li class=\"mb-3\"><span class=\"text-secondary font-weight-bold\">3rd Party : </span>No</li>\r\n<li class=\"mb-3\"><span class=\"text-secondary font-weight-bold\">Elevator : </span>Yes</li>\r\n<li class=\"mb-3\"><span class=\"text-secondary font-weight-bold\">CCTV : </span>Yes</li>\r\n<li class=\"mb-3\"><span class=\"text-secondary font-weight-bold\">Water Supply : </span>Ground Water / Tank</li>\r\n</ul>\r\n</div>\r\n<!---feature area end---->\r\n<p>&nbsp;</p>', 'beige-painted-beautiful-house-b5isquc16wspefj2.jpg', '5_bhk_independent_house-for-sale-thaltej-Ahmedabad-balcony.jpg (2).webp', '5_bhk_independent_house-for-sale-thaltej-Ahmedabad-bedroom.jpg (1).webp', '5_bhk_independent_house-for-sale-thaltej-Ahmedabad-balcony.jpg.webp', '5_bhk_independent_house-for-sale-thaltej-Ahmedabad-kitchen.jpg.webp', 90, 'available', '209d6f3896b1a9f4ff1c6fd53cd9e788.jpg', '20-By-20-House-Plan.jpg', '1000-Sq-Ft-House-Plans-3-Bedroom-Indian-Style-724x1024.jpg', '3 Floor', '2023-04-25 13:34:31', 1),
(81, 'Haven Town', '<p>DOOR Decorative Main Door with Wooden Frame and Granite framing and Pre laminated flush door for internal Doors. WASH Vitrified floor, Dedo glazed tile. PLATFORM Granite kitchen platform and Vitrified Dedo. STORE RACK Granite Rack and Glazed tile. TOILET Vitrified floor and Dedo.</p>', 'flat', '3 BHK', 'sale', 3, 3, 2, 1, 1, '1st Floor', 2100, 3100000, 'Ghatkopar East, Central Mumbai ', 'Mumbai', 'Maharashtra', '<p>&nbsp;</p>\r\n<!---feature area start--->\r\n<div class=\"col-md-4\">\r\n<ul>\r\n<li class=\"mb-3\"><span class=\"text-secondary font-weight-bold\">Property Age : </span>10 Years</li>\r\n<li class=\"mb-3\"><span class=\"text-secondary font-weight-bold\">Swiming Pool : </span>Yes</li>\r\n<li class=\"mb-3\"><span class=\"text-secondary font-weight-bold\">Parking : </span>Yes</li>\r\n<li class=\"mb-3\"><span class=\"text-secondary font-weight-bold\">GYM : </span>Yes</li>\r\n</ul>\r\n</div>\r\n<div class=\"col-md-4\">\r\n<ul>\r\n<li class=\"mb-3\"><span class=\"text-secondary font-weight-bold\">Type : Flate</span></li>\r\n<li class=\"mb-3\"><span class=\"text-secondary font-weight-bold\">Security : </span>Yes</li>\r\n<li class=\"mb-3\"><span class=\"text-secondary font-weight-bold\">Dining Capacity : </span>10 People</li>\r\n<li class=\"mb-3\"><span class=\"text-secondary font-weight-bold\">Church/Temple : </span>No</li>\r\n</ul>\r\n</div>\r\n<div class=\"col-md-4\">\r\n<ul>\r\n<li class=\"mb-3\"><span class=\"text-secondary font-weight-bold\">3rd Party : </span>No</li>\r\n<li class=\"mb-3\"><span class=\"text-secondary font-weight-bold\">Elevator : </span>Yes</li>\r\n<li class=\"mb-3\"><span class=\"text-secondary font-weight-bold\">CCTV : </span>Yes</li>\r\n<li class=\"mb-3\"><span class=\"text-secondary font-weight-bold\">Water Supply : </span>Ground Water / Tank</li>\r\n</ul>\r\n</div>\r\n<!---feature area end---->\r\n<p>&nbsp;</p>', '511_1440x960.jpg', '5935a9a5820ad0a1538b4682.webp', '3ecca572296c7351cedbd2f20a11add6e-f756085583od-w1024_h768_x2.webp', '0cedd7c152d659dbfa680bbafb03c9c5c-f557292943od-w480_h360_x2.webp', '0cedd7c152d659dbfa680bbafb03c9c5c-f2684453816od-w480_h360_x2.webp', 90, 'available', '209d6f3896b1a9f4ff1c6fd53cd9e788.jpg', '20-By-20-House-Plan.jpg', '1000-Sq-Ft-House-Plans-3-Bedroom-Indian-Style-724x1024.jpg', '6 Floor', '2023-04-25 13:42:33', 1),
(82, 'The Ascent Villa', '<p>Cool place near to mahaganapati temple titwala</p>', 'villa', '4 BHK', 'rent', 4, 4, 2, 1, 1, '3rd Floor', 7800, 29000000, 'Manda, Mumbai Beyond Thane', 'Mumbai', 'Maharashtra', '<p>&nbsp;</p>\r\n<!---feature area start--->\r\n<div class=\"col-md-4\">\r\n<ul>\r\n<li class=\"mb-3\"><span class=\"text-secondary font-weight-bold\">Property Age : </span>10 Years</li>\r\n<li class=\"mb-3\"><span class=\"text-secondary font-weight-bold\">Swiming Pool : </span>Yes</li>\r\n<li class=\"mb-3\"><span class=\"text-secondary font-weight-bold\">Parking : </span>Yes</li>\r\n<li class=\"mb-3\"><span class=\"text-secondary font-weight-bold\">GYM : </span>Yes</li>\r\n</ul>\r\n</div>\r\n<div class=\"col-md-4\">\r\n<ul>\r\n<li class=\"mb-3\"><span class=\"text-secondary font-weight-bold\">Type : </span>Villa</li>\r\n<li class=\"mb-3\"><span class=\"text-secondary font-weight-bold\">Security : </span>Yes</li>\r\n<li class=\"mb-3\"><span class=\"text-secondary font-weight-bold\">Dining Capacity : </span>10 People</li>\r\n<li class=\"mb-3\"><span class=\"text-secondary font-weight-bold\">Church/Temple : </span>No</li>\r\n</ul>\r\n</div>\r\n<div class=\"col-md-4\">\r\n<ul>\r\n<li class=\"mb-3\"><span class=\"text-secondary font-weight-bold\">3rd Party : </span>No</li>\r\n<li class=\"mb-3\"><span class=\"text-secondary font-weight-bold\">Elevator : </span>Yes</li>\r\n<li class=\"mb-3\"><span class=\"text-secondary font-weight-bold\">CCTV : </span>Yes</li>\r\n<li class=\"mb-3\"><span class=\"text-secondary font-weight-bold\">Water Supply : </span>Ground Water / Tank</li>\r\n</ul>\r\n</div>\r\n<!---feature area end---->\r\n<p>&nbsp;</p>', 'home.jpg', '3699facb484f584d0425e7a929efed5bl-m2870875257od-w1024_h768_x2.webp', 'dbabfe4bc062926cde1d66f9d6b0b47dl-m687188821od-w1024_h768_x2.webp', 'e946fe7d8536a89ebc2acdb73cea478al-b3820677956od-w1024_h768_x2.webp', '3699facb484f584d0425e7a929efed5bl-m3598653577od-w1024_h768_x2.webp', 90, 'available', '209d6f3896b1a9f4ff1c6fd53cd9e788.jpg', '20-By-20-House-Plan.jpg', '1000-Sq-Ft-House-Plans-3-Bedroom-Indian-Style-724x1024.jpg', '4 Floor', '2023-04-25 13:57:02', 1),
(83, 'Retreat', '<ul>\r\n<li>The project is spread over an area of 0.84 acres.</li>\r\n<li>There are around 138 units on offer.</li>\r\n<li>Somya Sky Legend Jagatpura housing society has 2 towers with 10 floors.</li>\r\n<li>Somya Sky Legend Jaipur has some great amenities to offer such as Waiting Lounge, Billiards and Library.</li>\r\n<li>chai ki thadi is a popular landmark in Jagatpura</li>\r\n<li>Jagatpura has a decent infrastructure to offer. It has 2 educational institutes in the vicinity. Around 24 medical care centres are available in proximity to this location.</li>\r\n</ul>', 'building', '5 BHK', 'sale', 5, 3, 4, 1, 1, '3rd Floor', 4354, 4589000, 'Manpura, Kota', 'Kota', 'Rajasthan', '<p>&nbsp;</p>\r\n<!---feature area start--->\r\n<div class=\"col-md-4\">\r\n<ul>\r\n<li class=\"mb-3\"><span class=\"text-secondary font-weight-bold\">Property Age : </span>10 Years</li>\r\n<li class=\"mb-3\"><span class=\"text-secondary font-weight-bold\">Swiming Pool : </span>Yes</li>\r\n<li class=\"mb-3\"><span class=\"text-secondary font-weight-bold\">Parking : </span>Yes</li>\r\n<li class=\"mb-3\"><span class=\"text-secondary font-weight-bold\">GYM : </span>Yes</li>\r\n</ul>\r\n</div>\r\n<div class=\"col-md-4\">\r\n<ul>\r\n<li class=\"mb-3\"><span class=\"text-secondary font-weight-bold\">Type : </span>Building</li>\r\n<li class=\"mb-3\"><span class=\"text-secondary font-weight-bold\">Security : </span>Yes</li>\r\n<li class=\"mb-3\"><span class=\"text-secondary font-weight-bold\">Dining Capacity : </span>10 People</li>\r\n<li class=\"mb-3\"><span class=\"text-secondary font-weight-bold\">Church/Temple : </span>No</li>\r\n</ul>\r\n</div>\r\n<div class=\"col-md-4\">\r\n<ul>\r\n<li class=\"mb-3\"><span class=\"text-secondary font-weight-bold\">3rd Party : </span>No</li>\r\n<li class=\"mb-3\"><span class=\"text-secondary font-weight-bold\">Elevator : </span>Yes</li>\r\n<li class=\"mb-3\"><span class=\"text-secondary font-weight-bold\">CCTV : </span>Yes</li>\r\n<li class=\"mb-3\"><span class=\"text-secondary font-weight-bold\">Water Supply : </span>Ground Water / Tank</li>\r\n</ul>\r\n</div>\r\n<!---feature area end---->\r\n<p>&nbsp;</p>', 'OIP.jpg', 'fs.jpeg (2).webp', 'fs.jpeg (1).webp', 'reva-gujarat_international_finance_tec_city_1-gandhinagar-kaavyaratna.jpeg.webp', 'fs.jpeg (1).webp', 90, 'sold out', '209d6f3896b1a9f4ff1c6fd53cd9e788.jpg', '20-By-20-House-Plan.jpg', '1000-Sq-Ft-House-Plans-3-Bedroom-Indian-Style-724x1024.jpg', '10 Floor', '2023-04-25 14:04:09', 1),
(84, 'The Landing', '<p><br />Spread over an area of 4.1 acres, The Landing is one of the spacious housing societies in the Jaipur region. With all the basic amenities available, Vatika IVY Homes fits into your budget and your lifestyle.</p>', 'building', '5+ BHK', 'rent', 6, 4, 3, 1, 1, '3rd Floor', 4637, 43764, 'Ajmer Road, Jaipu', 'Jaipur', 'Rajasthan', '<p>&nbsp;</p>\r\n<!---feature area start--->\r\n<div class=\"col-md-4\">\r\n<ul>\r\n<li class=\"mb-3\"><span class=\"text-secondary font-weight-bold\">Property Age : </span>10 Years</li>\r\n<li class=\"mb-3\"><span class=\"text-secondary font-weight-bold\">Swiming Pool : </span>Yes</li>\r\n<li class=\"mb-3\"><span class=\"text-secondary font-weight-bold\">Parking : </span>Yes</li>\r\n<li class=\"mb-3\"><span class=\"text-secondary font-weight-bold\">GYM : </span>Yes</li>\r\n</ul>\r\n</div>\r\n<div class=\"col-md-4\">\r\n<ul>\r\n<li class=\"mb-3\"><span class=\"text-secondary font-weight-bold\">Type : </span>Building</li>\r\n<li class=\"mb-3\"><span class=\"text-secondary font-weight-bold\">Security : </span>Yes</li>\r\n<li class=\"mb-3\"><span class=\"text-secondary font-weight-bold\">Dining Capacity : </span>10 People</li>\r\n<li class=\"mb-3\"><span class=\"text-secondary font-weight-bold\">Church/Temple : </span>No</li>\r\n</ul>\r\n</div>\r\n<div class=\"col-md-4\">\r\n<ul>\r\n<li class=\"mb-3\"><span class=\"text-secondary font-weight-bold\">3rd Party : </span>No</li>\r\n<li class=\"mb-3\"><span class=\"text-secondary font-weight-bold\">Elevator : </span>Yes</li>\r\n<li class=\"mb-3\"><span class=\"text-secondary font-weight-bold\">CCTV : </span>Yes</li>\r\n<li class=\"mb-3\"><span class=\"text-secondary font-weight-bold\">Water Supply : </span>Ground Water / Tank</li>\r\n</ul>\r\n</div>\r\n<!---feature area end---->\r\n<p>&nbsp;</p>', 'istockphoto-611757578-612x612.jpg', 'fs.jpeg (6).webp', 'backbone-visuals-oMB1rr7j-H8-unsplash.jpg', 'esaias-tan-whoL0IGd5Ec-unsplash.jpg', '3_bhk_independent_house-for-sale-chanakyapuri_ahmedabad-Ahmedabad-hall.jpg.webp', 91, 'available', '209d6f3896b1a9f4ff1c6fd53cd9e788.jpg', '20-By-20-House-Plan.jpg', '1000-Sq-Ft-House-Plans-3-Bedroom-Indian-Style-724x1024.jpg', '8 Floor', '2023-04-25 14:11:46', 1),
(85, ' Breezeway Villa', '', 'villa', '5 BHK', 'rent', 5, 3, 4, 1, 1, '1st Floor', 2100, 43000, 'Awadhpuri, Bhopal', 'Bhopal', 'Madhya Pradesh', '<p>&nbsp;</p>\r\n<!---feature area start--->\r\n<div class=\"col-md-4\">\r\n<ul>\r\n<li class=\"mb-3\"><span class=\"text-secondary font-weight-bold\">Property Age : </span>10 Years</li>\r\n<li class=\"mb-3\"><span class=\"text-secondary font-weight-bold\">Swiming Pool : </span>Yes</li>\r\n<li class=\"mb-3\"><span class=\"text-secondary font-weight-bold\">Parking : </span>Yes</li>\r\n<li class=\"mb-3\"><span class=\"text-secondary font-weight-bold\">GYM : </span>Yes</li>\r\n</ul>\r\n</div>\r\n<div class=\"col-md-4\">\r\n<ul>\r\n<li class=\"mb-3\"><span class=\"text-secondary font-weight-bold\">Type : Villa</span></li>\r\n<li class=\"mb-3\"><span class=\"text-secondary font-weight-bold\">Security : </span>Yes</li>\r\n<li class=\"mb-3\"><span class=\"text-secondary font-weight-bold\">Dining Capacity : </span>10 People</li>\r\n<li class=\"mb-3\"><span class=\"text-secondary font-weight-bold\">Church/Temple : </span>No</li>\r\n</ul>\r\n</div>\r\n<div class=\"col-md-4\">\r\n<ul>\r\n<li class=\"mb-3\"><span class=\"text-secondary font-weight-bold\">3rd Party : </span>No</li>\r\n<li class=\"mb-3\"><span class=\"text-secondary font-weight-bold\">Elevator : </span>Yes</li>\r\n<li class=\"mb-3\"><span class=\"text-secondary font-weight-bold\">CCTV : </span>Yes</li>\r\n<li class=\"mb-3\"><span class=\"text-secondary font-weight-bold\">Water Supply : </span>Ground Water / Tank</li>\r\n</ul>\r\n</div>\r\n<!---feature area end---->\r\n<p>&nbsp;</p>', '7ff3bdefbbb073168c3c35db1b87c65ea662540b.jpg', 'images (1).jpg', '7bb05fed02a4d5fe53f7ae65db83b037.jpg', '97853985830df3fbfc5319e93c407110.jpg', '990ff01ab33179d19ac65368a834792a--modern-ceiling-design-modern-bedroom-design.jpg', 91, 'available', '209d6f3896b1a9f4ff1c6fd53cd9e788.jpg', '20-By-20-House-Plan.jpg', 'TX176-GROUND-FLOOR_page-0001.jpg', '3 Floor', '2023-04-25 14:19:34', 1),
(86, 'Wells Place Apartments', '<p>An impeccable opportunity is here for those who are looking to own aesthetically designed. which ensures a relaxed and comfortable stay. Being a farmhouse, it provides you a serene and tranquil environment with a modern setup. This villa provides ample natural light and has good ventilation that invites comfort. This property is part of a gated community area of 26 acres of non-Agricultural land (Na) divided into 32 n.A. Plots. And is located at the foothills of bhimashankar mountain, and wild life sanctuary. Basic details:</p>', 'flat', '3 BHK', 'sale', 3, 2, 1, 1, 1, '4th Floor', 4533, 5400000, 'Satara pune Road,Mumbai', 'Pune', 'Maharashtra', '<p>&nbsp;</p>\r\n<!---feature area start--->\r\n<div class=\"col-md-4\">\r\n<ul>\r\n<li class=\"mb-3\"><span class=\"text-secondary font-weight-bold\">Property Age : </span>10 Years</li>\r\n<li class=\"mb-3\"><span class=\"text-secondary font-weight-bold\">Swiming Pool : </span>Yes</li>\r\n<li class=\"mb-3\"><span class=\"text-secondary font-weight-bold\">Parking : </span>Yes</li>\r\n<li class=\"mb-3\"><span class=\"text-secondary font-weight-bold\">GYM : </span>Yes</li>\r\n</ul>\r\n</div>\r\n<div class=\"col-md-4\">\r\n<ul>\r\n<li class=\"mb-3\"><span class=\"text-secondary font-weight-bold\">Type : </span>Flate</li>\r\n<li class=\"mb-3\"><span class=\"text-secondary font-weight-bold\">Security : </span>Yes</li>\r\n<li class=\"mb-3\"><span class=\"text-secondary font-weight-bold\">Dining Capacity : </span>10 People</li>\r\n<li class=\"mb-3\"><span class=\"text-secondary font-weight-bold\">Church/Temple : </span>No</li>\r\n</ul>\r\n</div>\r\n<div class=\"col-md-4\">\r\n<ul>\r\n<li class=\"mb-3\"><span class=\"text-secondary font-weight-bold\">3rd Party : </span>No</li>\r\n<li class=\"mb-3\"><span class=\"text-secondary font-weight-bold\">Elevator : </span>Yes</li>\r\n<li class=\"mb-3\"><span class=\"text-secondary font-weight-bold\">CCTV : </span>Yes</li>\r\n<li class=\"mb-3\"><span class=\"text-secondary font-weight-bold\">Water Supply : </span>Ground Water / Tank</li>\r\n</ul>\r\n</div>\r\n<!---feature area end---->\r\n<p>&nbsp;</p>', 'istockphoto-1322575582-612x612.jpg', '8ef217bd65dcfc05ec7faa751dc7ee5d.jpg', '19ffca42035e8c7a6fe9f04c77db1006l-m771841985od-w1024_h768_x2.webp', '19ffca42035e8c7a6fe9f04c77db1006l-m1047713077od-w1024_h768_x2.webp', '19ffca42035e8c7a6fe9f04c77db1006l-m2087131149od-w1024_h768_x2.webp', 91, 'available', '209d6f3896b1a9f4ff1c6fd53cd9e788.jpg', '20-By-20-House-Plan.jpg', '1000-Sq-Ft-House-Plans-3-Bedroom-Indian-Style-724x1024.jpg', '15 Floor', '2023-04-25 14:27:36', 1);
INSERT INTO `property` (`pid`, `title`, `pcontent`, `type`, `bhk`, `stype`, `bedroom`, `bathroom`, `balcony`, `kitchen`, `hall`, `floor`, `size`, `price`, `location`, `city`, `state`, `feature`, `pimage`, `pimage1`, `pimage2`, `pimage3`, `pimage4`, `uid`, `status`, `mapimage`, `topmapimage`, `groundmapimage`, `totalfloor`, `date`, `isFeatured`) VALUES
(87, 'The Carriage House', '<p>A wonder second home located about 1.5 hrs from Coimbatore city, the township has its own club house, swimming poo;, 2 gardens, tennis court, gym, lake, etc...</p>', 'house', '2 BHK', 'rent', 2, 2, 1, 1, 1, '1st Floor', 2500, 45000, 'Kohinoor Lake,Coimbatore', 'Coimbatore', 'Tamil Nadu', '<p>&nbsp;</p>\r\n<!---feature area start--->\r\n<div class=\"col-md-4\">\r\n<ul>\r\n<li class=\"mb-3\"><span class=\"text-secondary font-weight-bold\">Property Age : </span>10 Years</li>\r\n<li class=\"mb-3\"><span class=\"text-secondary font-weight-bold\">Swiming Pool : </span>Yes</li>\r\n<li class=\"mb-3\"><span class=\"text-secondary font-weight-bold\">Parking : </span>Yes</li>\r\n<li class=\"mb-3\"><span class=\"text-secondary font-weight-bold\">GYM : </span>Yes</li>\r\n</ul>\r\n</div>\r\n<div class=\"col-md-4\">\r\n<ul>\r\n<li class=\"mb-3\"><span class=\"text-secondary font-weight-bold\">Type : </span>House</li>\r\n<li class=\"mb-3\"><span class=\"text-secondary font-weight-bold\">Security : </span>Yes</li>\r\n<li class=\"mb-3\"><span class=\"text-secondary font-weight-bold\">Dining Capacity : </span>10 People</li>\r\n<li class=\"mb-3\"><span class=\"text-secondary font-weight-bold\">Church/Temple : </span>No</li>\r\n</ul>\r\n</div>\r\n<div class=\"col-md-4\">\r\n<ul>\r\n<li class=\"mb-3\"><span class=\"text-secondary font-weight-bold\">3rd Party : </span>No</li>\r\n<li class=\"mb-3\"><span class=\"text-secondary font-weight-bold\">Elevator : </span>Yes</li>\r\n<li class=\"mb-3\"><span class=\"text-secondary font-weight-bold\">CCTV : </span>Yes</li>\r\n<li class=\"mb-3\"><span class=\"text-secondary font-weight-bold\">Water Supply : </span>Ground Water / Tank</li>\r\n</ul>\r\n</div>\r\n<!---feature area end---->\r\n<p>&nbsp;</p>', 'big-mansion-with-palm-trees-5692l6vwcj1hmc5k.jpg', '650ffc6667b7d247fcb541a7368187c8i-f4249066250od-w1024_h768_x2.webp', '650ffc6667b7d247fcb541a7368187c8i-f945601879od-w1024_h768_x2.webp', '650ffc6667b7d247fcb541a7368187c8i-f2039402565od-w1024_h768_x2.webp', '650ffc6667b7d247fcb541a7368187c8i-f3241162524od-w1024_h768_x2.webp', 91, 'available', '650ffc6667b7d247fcb541a7368187c8p-f2934778555od-w1024_h768_x2.webp', '20-By-20-House-Plan.jpg', '1000-Sq-Ft-House-Plans-3-Bedroom-Indian-Style-724x1024.jpg', '4 Floor', '2023-04-25 14:34:16', 1),
(88, 'Greenway Court Apartments', '<p>Spread over an area of 11.34 acres, Mahimas Shubh Nilay is one of the spacious housing societies in the Jaipur region. With all the basic amenities available, Mahimas Shubh Nilay fits into your budget and your lifestyle.</p>', 'apartment', '1 BHK', 'sale', 1, 1, 1, 1, 1, '1st Floor', 2598, 2367000, 'Ajmer Road, Jaipu', 'Jaipur', 'Rajasthan', '<p>&nbsp;</p>\r\n<!---feature area start--->\r\n<div class=\"col-md-4\">\r\n<ul>\r\n<li class=\"mb-3\"><span class=\"text-secondary font-weight-bold\">Property Age : </span>10 Years</li>\r\n<li class=\"mb-3\"><span class=\"text-secondary font-weight-bold\">Swiming Pool : </span>Yes</li>\r\n<li class=\"mb-3\"><span class=\"text-secondary font-weight-bold\">Parking : </span>Yes</li>\r\n<li class=\"mb-3\"><span class=\"text-secondary font-weight-bold\">GYM : </span>Yes</li>\r\n</ul>\r\n</div>\r\n<div class=\"col-md-4\">\r\n<ul>\r\n<li class=\"mb-3\"><span class=\"text-secondary font-weight-bold\">Type : </span>Apartment</li>\r\n<li class=\"mb-3\"><span class=\"text-secondary font-weight-bold\">Security : </span>Yes</li>\r\n<li class=\"mb-3\"><span class=\"text-secondary font-weight-bold\">Dining Capacity : </span>10 People</li>\r\n<li class=\"mb-3\"><span class=\"text-secondary font-weight-bold\">Church/Temple : </span>No</li>\r\n</ul>\r\n</div>\r\n<div class=\"col-md-4\">\r\n<ul>\r\n<li class=\"mb-3\"><span class=\"text-secondary font-weight-bold\">3rd Party : </span>No</li>\r\n<li class=\"mb-3\"><span class=\"text-secondary font-weight-bold\">Elevator : </span>Yes</li>\r\n<li class=\"mb-3\"><span class=\"text-secondary font-weight-bold\">CCTV : </span>Yes</li>\r\n<li class=\"mb-3\"><span class=\"text-secondary font-weight-bold\">Water Supply : </span>Ground Water / Tank</li>\r\n</ul>\r\n</div>\r\n<!---feature area end---->\r\n<p>&nbsp;</p>', 'istockphoto-1431220312-170667a.jpg', '716d670c6aae24036ed96bd096a23753c-f2937356698od-w1024_h768_x2.webp', '2_bhk_independent_house-for-sale-south_bopal-Ahmedabad-hall.jpg.webp', '3_bhk_independent_house-for-sale-chanakyapuri_ahmedabad-Ahmedabad-bedroom.jpg.webp', '3_bhk_independent_house-for-sale-chanakyapuri_ahmedabad-Ahmedabad-hall.jpg.webp', 91, 'sold out', '209d6f3896b1a9f4ff1c6fd53cd9e788.jpg', '20-By-20-House-Plan.jpg', '1000-Sq-Ft-House-Plans-3-Bedroom-Indian-Style-724x1024.jpg', '5 Floor', '2023-04-25 14:39:36', 1),
(89, 'Stanley Park Apartments', '<p>This property is best Location in the jaisalmer area.</p>\r\n<p>size :- 2765</p>\r\n<p>Gym, Garden</p>', 'apartment', '4 BHK', 'rent', 4, 4, 2, 1, 1, '2nd Floor', 2765, 35000, 'Jaisalmer Road ,Jodhpur', 'Jodhpur', 'Rajasthan', '<p>&nbsp;</p>\r\n<!---feature area start--->\r\n<div class=\"col-md-4\">\r\n<ul>\r\n<li class=\"mb-3\"><span class=\"text-secondary font-weight-bold\">Property Age : </span>10 Years</li>\r\n<li class=\"mb-3\"><span class=\"text-secondary font-weight-bold\">Swiming Pool : </span>Yes</li>\r\n<li class=\"mb-3\"><span class=\"text-secondary font-weight-bold\">Parking : </span>Yes</li>\r\n<li class=\"mb-3\"><span class=\"text-secondary font-weight-bold\">GYM : </span>Yes</li>\r\n</ul>\r\n</div>\r\n<div class=\"col-md-4\">\r\n<ul>\r\n<li class=\"mb-3\"><span class=\"text-secondary font-weight-bold\">Type : </span>Apartment</li>\r\n<li class=\"mb-3\"><span class=\"text-secondary font-weight-bold\">Security : </span>Yes</li>\r\n<li class=\"mb-3\"><span class=\"text-secondary font-weight-bold\">Dining Capacity : </span>10 People</li>\r\n<li class=\"mb-3\"><span class=\"text-secondary font-weight-bold\">Church/Temple : </span>No</li>\r\n</ul>\r\n</div>\r\n<div class=\"col-md-4\">\r\n<ul>\r\n<li class=\"mb-3\"><span class=\"text-secondary font-weight-bold\">3rd Party : </span>No</li>\r\n<li class=\"mb-3\"><span class=\"text-secondary font-weight-bold\">Elevator : </span>Yes</li>\r\n<li class=\"mb-3\"><span class=\"text-secondary font-weight-bold\">CCTV : </span>Yes</li>\r\n<li class=\"mb-3\"><span class=\"text-secondary font-weight-bold\">Water Supply : </span>Ground Water / Tank</li>\r\n</ul>\r\n</div>\r\n<!---feature area end---->\r\n<p>&nbsp;</p>', 'fs.jpeg (3).webp', 'fs.jpeg (1).webp', 'fs.jpeg (4).webp', 'fs.jpeg.webp', 'fs.jpeg (12).webp', 92, 'sold out', '209d6f3896b1a9f4ff1c6fd53cd9e788.jpg', '20-By-20-House-Plan.jpg', '1000-Sq-Ft-House-Plans-3-Bedroom-Indian-Style-724x1024.jpg', '5 Floor', '2023-04-25 14:51:38', 1),
(90, 'Standard At Legacy House', '<p>An impeccable opportunity is here for those who are looking to own aesthetically designed house . which ensures a relaxed and comfortable stay. Being house, it provides you a serene and tranquil environment with a modern setup. This villa provides ample natural light and has good ventilation that invites comfort. This property is part of a gated community area of 26 acres of non-Agricultural land (Na) divided into 32 n.A. Plots. And is located at the foothills of bhimashankar mountain, and wild life sanctuary.</p>', 'house', '2 BHK', 'rent', 2, 2, 1, 1, 1, '2nd Floor', 2100, 11000, 'PRL Colony, Madurai', 'Madurai', 'Tamil Nadu', '<p>&nbsp;</p>\r\n<!---feature area start--->\r\n<div class=\"col-md-4\">\r\n<ul>\r\n<li class=\"mb-3\"><span class=\"text-secondary font-weight-bold\">Property Age : </span>10 Years</li>\r\n<li class=\"mb-3\"><span class=\"text-secondary font-weight-bold\">Swiming Pool : </span>Yes</li>\r\n<li class=\"mb-3\"><span class=\"text-secondary font-weight-bold\">Parking : </span>Yes</li>\r\n<li class=\"mb-3\"><span class=\"text-secondary font-weight-bold\">GYM : </span>Yes</li>\r\n</ul>\r\n</div>\r\n<div class=\"col-md-4\">\r\n<ul>\r\n<li class=\"mb-3\"><span class=\"text-secondary font-weight-bold\">Type : </span>House</li>\r\n<li class=\"mb-3\"><span class=\"text-secondary font-weight-bold\">Security : </span>Yes</li>\r\n<li class=\"mb-3\"><span class=\"text-secondary font-weight-bold\">Dining Capacity : </span>10 People</li>\r\n<li class=\"mb-3\"><span class=\"text-secondary font-weight-bold\">Church/Temple : </span>No</li>\r\n</ul>\r\n</div>\r\n<div class=\"col-md-4\">\r\n<ul>\r\n<li class=\"mb-3\"><span class=\"text-secondary font-weight-bold\">3rd Party : </span>No</li>\r\n<li class=\"mb-3\"><span class=\"text-secondary font-weight-bold\">Elevator : </span>Yes</li>\r\n<li class=\"mb-3\"><span class=\"text-secondary font-weight-bold\">CCTV : </span>Yes</li>\r\n<li class=\"mb-3\"><span class=\"text-secondary font-weight-bold\">Water Supply : </span>Ground Water / Tank</li>\r\n</ul>\r\n</div>\r\n<!---feature area end---->\r\n<p>&nbsp;</p>', 'wood-white-and-charcoal-modern-exterior-paint-themes.jpg', '5_bhk_independent_house-for-sale-thaltej-Ahmedabad-balcony.jpg.webp', '5_bhk_independent_house-for-sale-thaltej-Ahmedabad-balcony.jpg (1).webp', '5_bhk_independent_house-for-sale-thaltej-Ahmedabad-bedroom.jpg (1).webp', '5_bhk_independent_house-for-sale-thaltej-Ahmedabad-hall.jpg.webp', 92, 'available', '209d6f3896b1a9f4ff1c6fd53cd9e788.jpg', '20-By-20-House-Plan.jpg', '1000-Sq-Ft-House-Plans-3-Bedroom-Indian-Style-724x1024.jpg', '3 Floor', '2023-04-25 14:57:41', 1),
(91, 'Crescent ', '<p><span class=\"sc-dxhf6u-0 beyaFd sc-42mqda-0 vThrL\">Its a Residential Duplex</span><br /><span class=\"sc-dxhf6u-0 beyaFd sc-42mqda-0 vThrL\">Plot Area -1244 sq.ft.</span><br /><span class=\"sc-dxhf6u-0 beyaFd sc-42mqda-0 vThrL\">Super Built-up Area - 1346</span><br /><span class=\"sc-dxhf6u-0 beyaFd sc-42mqda-0 vThrL\">Accommodation 2 bedroom D/d , Kitchen 2 Balcony</span><br /><span class=\"sc-dxhf6u-0 beyaFd sc-42mqda-0 vThrL\">Bathroom 3 Toilets</span><br /><span class=\"sc-dxhf6u-0 beyaFd sc-42mqda-0 vThrL\">property Code -198</span></p>', 'flat', '1 BHK', 'rent', 1, 1, 1, 1, 1, '1st Floor', 1244, 3400, 'Thana highway,Mumbai', 'Nagpur', 'Maharashtra', '<p>&nbsp;</p>\r\n<!---feature area start--->\r\n<div class=\"col-md-4\">\r\n<ul>\r\n<li class=\"mb-3\"><span class=\"text-secondary font-weight-bold\">Property Age : </span>10 Years</li>\r\n<li class=\"mb-3\"><span class=\"text-secondary font-weight-bold\">Swiming Pool : </span>Yes</li>\r\n<li class=\"mb-3\"><span class=\"text-secondary font-weight-bold\">Parking : </span>Yes</li>\r\n<li class=\"mb-3\"><span class=\"text-secondary font-weight-bold\">GYM : </span>Yes</li>\r\n</ul>\r\n</div>\r\n<div class=\"col-md-4\">\r\n<ul>\r\n<li class=\"mb-3\"><span class=\"text-secondary font-weight-bold\">Type : Flate</span></li>\r\n<li class=\"mb-3\"><span class=\"text-secondary font-weight-bold\">Security : </span>Yes</li>\r\n<li class=\"mb-3\"><span class=\"text-secondary font-weight-bold\">Dining Capacity : </span>10 People</li>\r\n<li class=\"mb-3\"><span class=\"text-secondary font-weight-bold\">Church/Temple : </span>No</li>\r\n</ul>\r\n</div>\r\n<div class=\"col-md-4\">\r\n<ul>\r\n<li class=\"mb-3\"><span class=\"text-secondary font-weight-bold\">3rd Party : </span>No</li>\r\n<li class=\"mb-3\"><span class=\"text-secondary font-weight-bold\">Elevator : </span>Yes</li>\r\n<li class=\"mb-3\"><span class=\"text-secondary font-weight-bold\">CCTV : </span>Yes</li>\r\n<li class=\"mb-3\"><span class=\"text-secondary font-weight-bold\">Water Supply : </span>Ground Water / Tank</li>\r\n</ul>\r\n</div>\r\n<!---feature area end---->\r\n<p>&nbsp;</p>', 'istockphoto-1195615468-612x612.jpg', '4_bhk_independent_house-for-sale-thaltej-Ahmedabad-hall.jpg (1).webp', '4_bhk_independent_house-for-sale-thaltej-Ahmedabad-kitchen.jpg.webp', '4_bhk_independent_house-for-sale-thaltej-Ahmedabad-balcony.jpg (1).webp', '4dc6b6305ae7decb0095de606618e12dc-f3755393133od-w1024_h768_x2.webp', 92, 'available', '209d6f3896b1a9f4ff1c6fd53cd9e788.jpg', '20-By-20-House-Plan.jpg', '1000-Sq-Ft-House-Plans-3-Bedroom-Indian-Style-724x1024.jpg', '4 Floor', '2023-04-25 15:02:37', 1),
(92, 'Ray White Villa', '<p><span class=\"sc-dxhf6u-0 beyaFd sc-42mqda-0 vThrL\">Its a Residential Duplex</span><br /><span class=\"sc-dxhf6u-0 beyaFd sc-42mqda-0 vThrL\">Plot Area -4000 sq.ft.</span><br /><span class=\"sc-dxhf6u-0 beyaFd sc-42mqda-0 vThrL\">Super Built-up Area - 1500</span><br /><span class=\"sc-dxhf6u-0 beyaFd sc-42mqda-0 vThrL\">Accommodation 4 bedroom D/d , Kitchen 2 Balcony</span><br /><span class=\"sc-dxhf6u-0 beyaFd sc-42mqda-0 vThrL\">Bathroom 3 Toilets</span><br /><span class=\"sc-dxhf6u-0 beyaFd sc-42mqda-0 vThrL\">property Code -190</span></p>', 'villa', '4 BHK', 'rent', 4, 3, 2, 1, 1, '2nd Floor', 4000, 9000, 'Gurudwra,Amritsar', 'Amritsar', 'Punjab', '<p>&nbsp;</p>\r\n<!---feature area start--->\r\n<div class=\"col-md-4\">\r\n<ul>\r\n<li class=\"mb-3\"><span class=\"text-secondary font-weight-bold\">Property Age : </span>10 Years</li>\r\n<li class=\"mb-3\"><span class=\"text-secondary font-weight-bold\">Swiming Pool : </span>Yes</li>\r\n<li class=\"mb-3\"><span class=\"text-secondary font-weight-bold\">Parking : </span>Yes</li>\r\n<li class=\"mb-3\"><span class=\"text-secondary font-weight-bold\">GYM : </span>Yes</li>\r\n</ul>\r\n</div>\r\n<div class=\"col-md-4\">\r\n<ul>\r\n<li class=\"mb-3\"><span class=\"text-secondary font-weight-bold\">Type : Villa</span></li>\r\n<li class=\"mb-3\"><span class=\"text-secondary font-weight-bold\">Security : </span>Yes</li>\r\n<li class=\"mb-3\"><span class=\"text-secondary font-weight-bold\">Dining Capacity : </span>10 People</li>\r\n<li class=\"mb-3\"><span class=\"text-secondary font-weight-bold\">Church/Temple : </span>No</li>\r\n</ul>\r\n</div>\r\n<div class=\"col-md-4\">\r\n<ul>\r\n<li class=\"mb-3\"><span class=\"text-secondary font-weight-bold\">3rd Party : </span>No</li>\r\n<li class=\"mb-3\"><span class=\"text-secondary font-weight-bold\">Elevator : </span>Yes</li>\r\n<li class=\"mb-3\"><span class=\"text-secondary font-weight-bold\">CCTV : </span>Yes</li>\r\n<li class=\"mb-3\"><span class=\"text-secondary font-weight-bold\">Water Supply : </span>Ground Water / Tank</li>\r\n</ul>\r\n</div>\r\n<!---feature area end---->\r\n<p>&nbsp;</p>', '295090917.jpg', 'f84659f112ae2ffd86bfcd953cf02dc1--modern-lounge-luxury-apartments.jpg', '00c2964446f381eba6a4a92e1eeb6492.jpg', '3f942a065763444d7bffb72f4ca1d657.jpg', '67a0ff9debc21281d63d1c7c7f49236d.jpg', 92, 'sold out', '209d6f3896b1a9f4ff1c6fd53cd9e788.jpg', '20-By-20-House-Plan.jpg', '1000-Sq-Ft-House-Plans-3-Bedroom-Indian-Style-724x1024.jpg', '3 Floor', '2023-04-25 15:08:21', 1),
(93, 'Royal View', '<p>specifically designed to suit your requirements and conveniences. There are 3 BHK,Building available in this project. This housing society is now ready to be called home as families have started moving in.</p>', 'building', '3 BHK', 'sale', 3, 3, 2, 1, 1, '4th Floor', 3800, 3400000, 'PRL Colony,Nainital', 'Nainital', 'Uttarakhand', '<p>&nbsp;</p>\r\n<!---feature area start--->\r\n<div class=\"col-md-4\">\r\n<ul>\r\n<li class=\"mb-3\"><span class=\"text-secondary font-weight-bold\">Property Age : </span>10 Years</li>\r\n<li class=\"mb-3\"><span class=\"text-secondary font-weight-bold\">Swiming Pool : </span>Yes</li>\r\n<li class=\"mb-3\"><span class=\"text-secondary font-weight-bold\">Parking : </span>Yes</li>\r\n<li class=\"mb-3\"><span class=\"text-secondary font-weight-bold\">GYM : </span>Yes</li>\r\n</ul>\r\n</div>\r\n<div class=\"col-md-4\">\r\n<ul>\r\n<li class=\"mb-3\"><span class=\"text-secondary font-weight-bold\">Type : Building</span></li>\r\n<li class=\"mb-3\"><span class=\"text-secondary font-weight-bold\">Security : </span>Yes</li>\r\n<li class=\"mb-3\"><span class=\"text-secondary font-weight-bold\">Dining Capacity : </span>10 People</li>\r\n<li class=\"mb-3\"><span class=\"text-secondary font-weight-bold\">Church/Temple : </span>No</li>\r\n</ul>\r\n</div>\r\n<div class=\"col-md-4\">\r\n<ul>\r\n<li class=\"mb-3\"><span class=\"text-secondary font-weight-bold\">3rd Party : </span>No</li>\r\n<li class=\"mb-3\"><span class=\"text-secondary font-weight-bold\">Elevator : </span>Yes</li>\r\n<li class=\"mb-3\"><span class=\"text-secondary font-weight-bold\">CCTV : </span>Yes</li>\r\n<li class=\"mb-3\"><span class=\"text-secondary font-weight-bold\">Water Supply : </span>Ground Water / Tank</li>\r\n</ul>\r\n</div>\r\n<!---feature area end---->\r\n<p>&nbsp;</p>', 'istockphoto-1322575582-612x612.jpg', 'emmanuel-ikwuegbu-BdZPID68yjM-unsplash.jpg', 'adam-winger-VGs8z60yT2c-unsplash.jpg', 'curology-ycEKahEaO5U-unsplash.jpg', 'jolene-hardy-uuApNXxgcRM-unsplash.jpg', 92, 'sold out', '209d6f3896b1a9f4ff1c6fd53cd9e788.jpg', '20-By-20-House-Plan.jpg', '1000-Sq-Ft-House-Plans-3-Bedroom-Indian-Style-724x1024.jpg', '5 Floor', '2023-04-25 15:16:52', 1),
(94, 'House of Lords', '<p>There is typically one owner or management company for all the units who does the maintenance and upkeep for the common areas and repairs for infrastructure in the individual units. Although apartments can be owned &mdash; as in co-ops or condos &mdash; they&rsquo;re usually associated with a rented residence.</p>', 'apartment', '3 BHK', 'rent', 3, 3, 1, 1, 1, '1st Floor', 1200, 4500, 'Naina Devi Temple.Nainital ', 'Nainital ', 'Uttarakhand', '<p>&nbsp;</p>\r\n<!---feature area start--->\r\n<div class=\"col-md-4\">\r\n<ul>\r\n<li class=\"mb-3\"><span class=\"text-secondary font-weight-bold\">Property Age : </span>10 Years</li>\r\n<li class=\"mb-3\"><span class=\"text-secondary font-weight-bold\">Swiming Pool : </span>Yes</li>\r\n<li class=\"mb-3\"><span class=\"text-secondary font-weight-bold\">Parking : </span>Yes</li>\r\n<li class=\"mb-3\"><span class=\"text-secondary font-weight-bold\">GYM : </span>Yes</li>\r\n</ul>\r\n</div>\r\n<div class=\"col-md-4\">\r\n<ul>\r\n<li class=\"mb-3\"><span class=\"text-secondary font-weight-bold\">Type : </span>Apartment</li>\r\n<li class=\"mb-3\"><span class=\"text-secondary font-weight-bold\">Security : </span>Yes</li>\r\n<li class=\"mb-3\"><span class=\"text-secondary font-weight-bold\">Dining Capacity : </span>10 People</li>\r\n<li class=\"mb-3\"><span class=\"text-secondary font-weight-bold\">Church/Temple : </span>No</li>\r\n</ul>\r\n</div>\r\n<div class=\"col-md-4\">\r\n<ul>\r\n<li class=\"mb-3\"><span class=\"text-secondary font-weight-bold\">3rd Party : </span>No</li>\r\n<li class=\"mb-3\"><span class=\"text-secondary font-weight-bold\">Elevator : </span>Yes</li>\r\n<li class=\"mb-3\"><span class=\"text-secondary font-weight-bold\">CCTV : </span>Yes</li>\r\n<li class=\"mb-3\"><span class=\"text-secondary font-weight-bold\">Water Supply : </span>Ground Water / Tank</li>\r\n</ul>\r\n</div>\r\n<!---feature area end---->\r\n<p>&nbsp;</p>', 'istockphoto-614956600-612x612.jpg', 'fs.jpeg (5).webp', 'fs.jpeg (6).webp', 'fs.jpeg (7).webp', 'fs.jpeg (4).webp', 62, 'available', 'fs.jpeg (2).webp', 'fs.jpeg (9).webp', 'fs.jpeg (3).webp', '7 Floor', '2023-04-27 14:13:29', 1),
(95, 'The Colony', '<p>The project offers House with perfect combination of contemporary architecture and features to provide comfortable living. The House are of the following configurations: 2BHK.</p>', 'house', '2 BHK', 'sale', 2, 1, 1, 1, 1, '3rd Floor', 990, 3450000, 'The Mall Road.kota', 'Kota', 'Rajasthan', '<p>&nbsp;</p>\r\n<!---feature area start--->\r\n<div class=\"col-md-4\">\r\n<ul>\r\n<li class=\"mb-3\"><span class=\"text-secondary font-weight-bold\">Property Age : </span>10 Years</li>\r\n<li class=\"mb-3\"><span class=\"text-secondary font-weight-bold\">Swiming Pool : </span>Yes</li>\r\n<li class=\"mb-3\"><span class=\"text-secondary font-weight-bold\">Parking : </span>Yes</li>\r\n<li class=\"mb-3\"><span class=\"text-secondary font-weight-bold\">GYM : </span>Yes</li>\r\n</ul>\r\n</div>\r\n<div class=\"col-md-4\">\r\n<ul>\r\n<li class=\"mb-3\"><span class=\"text-secondary font-weight-bold\">Type : </span>House</li>\r\n<li class=\"mb-3\"><span class=\"text-secondary font-weight-bold\">Security : </span>Yes</li>\r\n<li class=\"mb-3\"><span class=\"text-secondary font-weight-bold\">Dining Capacity : </span>10 People</li>\r\n<li class=\"mb-3\"><span class=\"text-secondary font-weight-bold\">Church/Temple : </span>No</li>\r\n</ul>\r\n</div>\r\n<div class=\"col-md-4\">\r\n<ul>\r\n<li class=\"mb-3\"><span class=\"text-secondary font-weight-bold\">3rd Party : </span>No</li>\r\n<li class=\"mb-3\"><span class=\"text-secondary font-weight-bold\">Elevator : </span>Yes</li>\r\n<li class=\"mb-3\"><span class=\"text-secondary font-weight-bold\">CCTV : </span>Yes</li>\r\n<li class=\"mb-3\"><span class=\"text-secondary font-weight-bold\">Water Supply : </span>Ground Water / Tank</li>\r\n</ul>\r\n</div>\r\n<!---feature area end---->\r\n<p>&nbsp;</p>', '1404036.jpg', 'f9019e317851489b39d898374a0dddf7c-f352562249od-w1024_h768_x2.webp', 'f9019e317851489b39d898374a0dddf7c-f352562249od-w1024_h768_x2.webp', 'f9019e317851489b39d898374a0dddf7c-f3401415431od-w1024_h768_x2.webp', 'f9019e317851489b39d898374a0dddf7c-f2913191470od-w1024_h768_x2.webp', 62, 'sold out', '209d6f3896b1a9f4ff1c6fd53cd9e788.jpg', '20-By-20-House-Plan.jpg', '1000-Sq-Ft-House-Plans-3-Bedroom-Indian-Style-724x1024.jpg', '3 Floor', '2023-04-27 14:35:27', 1),
(96, 'The Chimneys', '<p>Check out Shilp Serene in Shilaj, one of the upcoming under-construction Appartment Ahmedabad West. There are apartments for sale in Shilp Serene. This society will have all basic facilities and amenities to suit homebuyer&rsquo;s needs and requirements. Brought to you by Shilp Group, Shilp Serene is scheduled for possession in Dec, 2025.</p>', 'apartment', '5 BHK', 'sale', 5, 4, 1, 1, 1, '1st Floor', 2100, 2900000, 'Shilaj, Ahmedabad West', 'Ahmedabad', 'Gujarat', '<p>&nbsp;</p>\r\n<!---feature area start--->\r\n<div class=\"col-md-4\">\r\n<ul>\r\n<li class=\"mb-3\"><span class=\"text-secondary font-weight-bold\">Property Age : </span>10 Years</li>\r\n<li class=\"mb-3\"><span class=\"text-secondary font-weight-bold\">Swiming Pool : </span>Yes</li>\r\n<li class=\"mb-3\"><span class=\"text-secondary font-weight-bold\">Parking : </span>Yes</li>\r\n<li class=\"mb-3\"><span class=\"text-secondary font-weight-bold\">GYM : </span>Yes</li>\r\n</ul>\r\n</div>\r\n<div class=\"col-md-4\">\r\n<ul>\r\n<li class=\"mb-3\"><span class=\"text-secondary font-weight-bold\">Type : </span>Apartment</li>\r\n<li class=\"mb-3\"><span class=\"text-secondary font-weight-bold\">Security : </span>Yes</li>\r\n<li class=\"mb-3\"><span class=\"text-secondary font-weight-bold\">Dining Capacity : </span>10 People</li>\r\n<li class=\"mb-3\"><span class=\"text-secondary font-weight-bold\">Church/Temple : </span>No</li>\r\n</ul>\r\n</div>\r\n<div class=\"col-md-4\">\r\n<ul>\r\n<li class=\"mb-3\"><span class=\"text-secondary font-weight-bold\">3rd Party : </span>No</li>\r\n<li class=\"mb-3\"><span class=\"text-secondary font-weight-bold\">Elevator : </span>Yes</li>\r\n<li class=\"mb-3\"><span class=\"text-secondary font-weight-bold\">CCTV : </span>Yes</li>\r\n<li class=\"mb-3\"><span class=\"text-secondary font-weight-bold\">Water Supply : </span>Ground Water / Tank</li>\r\n</ul>\r\n</div>\r\n<!---feature area end---->\r\n<p>&nbsp;</p>', 'apartment-6882571__340.jpg', 'fs.jpeg (6).webp', 'fs.jpeg (2).webp', 'e3375baf0b57a6fbae3e7778ccc1dbc3c-f1603651332od-w1024_h768_x2.webp', 'aradhana_arise-ghuma-ahmedabad-arise_buildcon.jpeg.webp', 88, 'available', '209d6f3896b1a9f4ff1c6fd53cd9e788.jpg', '20-By-20-House-Plan.jpg', '1000-Sq-Ft-House-Plans-3-Bedroom-Indian-Style-724x1024.jpg', '7 Floor', '2023-04-27 14:43:40', 1),
(97, 'The Chateau', '<p>Supercity JOY is a residential development in Bhadaj, Almora West. The project is built by Shrinivas Organizers. They provide skillfully designed 1BHK and 2BHK apartments with all necessities</p>', 'apartment', '2 BHK', 'sale', 2, 2, 1, 1, 1, '3rd Floor', 1200, 1800000, 'Chitai Temple,Almora', 'Almora', 'Uttarakhand', '<p>&nbsp;</p>\r\n<!---feature area start--->\r\n<div class=\"col-md-4\">\r\n<ul>\r\n<li class=\"mb-3\"><span class=\"text-secondary font-weight-bold\">Property Age : </span>10 Years</li>\r\n<li class=\"mb-3\"><span class=\"text-secondary font-weight-bold\">Swiming Pool : </span>Yes</li>\r\n<li class=\"mb-3\"><span class=\"text-secondary font-weight-bold\">Parking : </span>Yes</li>\r\n<li class=\"mb-3\"><span class=\"text-secondary font-weight-bold\">GYM : </span>Yes</li>\r\n</ul>\r\n</div>\r\n<div class=\"col-md-4\">\r\n<ul>\r\n<li class=\"mb-3\"><span class=\"text-secondary font-weight-bold\">Type : </span>Apartment</li>\r\n<li class=\"mb-3\"><span class=\"text-secondary font-weight-bold\">Security : </span>Yes</li>\r\n<li class=\"mb-3\"><span class=\"text-secondary font-weight-bold\">Dining Capacity : </span>10 People</li>\r\n<li class=\"mb-3\"><span class=\"text-secondary font-weight-bold\">Church/Temple : </span>No</li>\r\n</ul>\r\n</div>\r\n<div class=\"col-md-4\">\r\n<ul>\r\n<li class=\"mb-3\"><span class=\"text-secondary font-weight-bold\">3rd Party : </span>No</li>\r\n<li class=\"mb-3\"><span class=\"text-secondary font-weight-bold\">Elevator : </span>Yes</li>\r\n<li class=\"mb-3\"><span class=\"text-secondary font-weight-bold\">CCTV : </span>Yes</li>\r\n<li class=\"mb-3\"><span class=\"text-secondary font-weight-bold\">Water Supply : </span>Ground Water / Tank</li>\r\n</ul>\r\n</div>\r\n<!---feature area end---->\r\n<p>&nbsp;</p>', 'foto_zimmo_5b5b267970cc6c36d7fcaac8456134ba.jpg', '650ffc6667b7d247fcb541a7368187c8i-f945601879od-w1024_h768_x2.webp', '650ffc6667b7d247fcb541a7368187c8i-f2039402565od-w1024_h768_x2.webp', '650ffc6667b7d247fcb541a7368187c8i-f3241162524od-w1024_h768_x2.webp', '650ffc6667b7d247fcb541a7368187c8i-f4249066250od-w1024_h768_x2.webp', 88, 'sold out', '209d6f3896b1a9f4ff1c6fd53cd9e788.jpg', '20-By-20-House-Plan.jpg', '1000-Sq-Ft-House-Plans-3-Bedroom-Indian-Style-724x1024.jpg', '9 Floor', '2023-04-27 14:53:52', 1),
(98, 'The Retreat Villa', '<p>A Premium and beautiful farm stay, wedding and party venue with 4 spacious, well furnished and luxury villa bedrooms. It has gazebo overlooking swimming pool, patio and well kept huge beautiful garden. The venue can be used for different functions big and small with amazing day and night views. Its near airport and dumas beach. Reasonably priced with ample parking space and security.\"</p>', 'villa', '5+ BHK', 'rent', 6, 2, 2, 1, 1, '2nd Floor', 7800, 35000, ',PEW Colony, Jalandhar', 'Jalandhar', 'Punjab', '<p>&nbsp;</p>\r\n<!---feature area start--->\r\n<div class=\"col-md-4\">\r\n<ul>\r\n<li class=\"mb-3\"><span class=\"text-secondary font-weight-bold\">Property Age : </span>10 Years</li>\r\n<li class=\"mb-3\"><span class=\"text-secondary font-weight-bold\">Swiming Pool : </span>Yes</li>\r\n<li class=\"mb-3\"><span class=\"text-secondary font-weight-bold\">Parking : </span>Yes</li>\r\n<li class=\"mb-3\"><span class=\"text-secondary font-weight-bold\">GYM : </span>Yes</li>\r\n</ul>\r\n</div>\r\n<div class=\"col-md-4\">\r\n<ul>\r\n<li class=\"mb-3\"><span class=\"text-secondary font-weight-bold\">Type : Villa</span></li>\r\n<li class=\"mb-3\"><span class=\"text-secondary font-weight-bold\">Security : </span>Yes</li>\r\n<li class=\"mb-3\"><span class=\"text-secondary font-weight-bold\">Dining Capacity : </span>10 People</li>\r\n<li class=\"mb-3\"><span class=\"text-secondary font-weight-bold\">Church/Temple : </span>No</li>\r\n</ul>\r\n</div>\r\n<div class=\"col-md-4\">\r\n<ul>\r\n<li class=\"mb-3\"><span class=\"text-secondary font-weight-bold\">3rd Party : </span>No</li>\r\n<li class=\"mb-3\"><span class=\"text-secondary font-weight-bold\">Elevator : </span>Yes</li>\r\n<li class=\"mb-3\"><span class=\"text-secondary font-weight-bold\">CCTV : </span>Yes</li>\r\n<li class=\"mb-3\"><span class=\"text-secondary font-weight-bold\">Water Supply : </span>Ground Water / Tank</li>\r\n</ul>\r\n</div>\r\n<!---feature area end---->\r\n<p>&nbsp;</p>', 'waikoloa-beach-rental-fairway-villas-i24-1.jpeg', '7bb05fed02a4d5fe53f7ae65db83b037.jpg', '8ef217bd65dcfc05ec7faa751dc7ee5d.jpg', '52e130a7232e5561f0cf070c21fe07ab.jpg', '3f942a065763444d7bffb72f4ca1d657.jpg', 88, 'available', '209d6f3896b1a9f4ff1c6fd53cd9e788.jpg', '20-By-20-House-Plan.jpg', '1000-Sq-Ft-House-Plans-3-Bedroom-Indian-Style-724x1024.jpg', '2 Floor', '2023-04-27 14:58:16', 1);

-- --------------------------------------------------------

--
-- Table structure for table `request`
--

CREATE TABLE `request` (
  `id` int(11) NOT NULL,
  `property_id` int(11) NOT NULL,
  `sender` int(11) NOT NULL,
  `receiver` int(11) NOT NULL,
  `date` date NOT NULL DEFAULT current_timestamp(),
  `status` int(11) NOT NULL
) ENGINE=InnoDB DEFAULT CHARSET=utf8mb4;

--
-- Dumping data for table `request`
--

INSERT INTO `request` (`id`, `property_id`, `sender`, `receiver`, `date`, `status`) VALUES
(7, 35, 57, 54, '2023-04-14', 0),
(8, 39, 57, 54, '2023-04-14', 0),
(11, 38, 58, 54, '2023-04-15', 0),
(12, 37, 58, 54, '2023-04-15', 0),
(13, 39, 58, 54, '2023-04-15', 0),
(14, 35, 58, 54, '2023-04-15', 0),
(17, 71, 61, 87, '2023-04-25', 0),
(18, 76, 61, 89, '2023-04-25', 0),
(19, 42, 61, 62, '2023-04-27', 1);

-- --------------------------------------------------------

--
-- Table structure for table `state`
--

CREATE TABLE `state` (
  `sid` int(50) NOT NULL,
  `sname` varchar(100) NOT NULL
) ENGINE=InnoDB DEFAULT CHARSET=utf8mb4;

--
-- Dumping data for table `state`
--

INSERT INTO `state` (`sid`, `sname`) VALUES
(1, 'Gujarat'),
(2, 'Tamil Nadu'),
(3, 'West Bangal'),
(4, 'Karnataka'),
(5, 'Madhya Pradesh '),
(6, 'Maharashtra '),
(7, 'Punjab '),
(8, 'Rajasthan '),
(9, 'Uttarakhand ');

-- --------------------------------------------------------

--
-- Table structure for table `user`
--

CREATE TABLE `user` (
  `uid` int(50) NOT NULL,
  `uname` varchar(100) NOT NULL,
  `uemail` varchar(100) NOT NULL,
  `uphone` varchar(20) NOT NULL,
  `upass` varchar(50) NOT NULL,
  `utype` varchar(50) NOT NULL,
  `uimage` varchar(300) NOT NULL,
  `status` int(10) NOT NULL
) ENGINE=InnoDB DEFAULT CHARSET=utf8mb4;

--
-- Dumping data for table `user`
--

INSERT INTO `user` (`uid`, `uname`, `uemail`, `uphone`, `upass`, `utype`, `uimage`, `status`) VALUES
(61, 'Harsh Goti', 'harshgoti123@gmail.com', '9867569865', '7c222fb2927d828af22f592134e8932480637c0d', 'buyer', 'businessman-with-arms-crossed-smiling.jpg', 1),
(62, 'Jay Rafaliya', 'jayrafaliya3100@gmail.com', '7809564387', '7c222fb2927d828af22f592134e8932480637c0d', 'agent', 'beautiful_young_man_student_businessman_jacket_holds_his_arms_crossed.jpg', 1),
(63, 'Rahul Patel', 'rahulpatel230@gmail.com', '9087564321', '7c222fb2927d828af22f592134e8932480637c0d', 'buyer', 'attractive-businessman-with-crossed-arms.jpg', 1),
(64, 'Vishwas Hirpara', 'vishwashhirpara1008@gmail.com', '9785635492', '7c222fb2927d828af22f592134e8932480637c0d', 'buyer', '8ee833_9ea728e0dd3f4b92ac93122e7ff27f39~mv2.jpg', 1),
(65, 'Rushil Sutariya', 'rushilsutariya12@gmail.com', '9548387563', '7c222fb2927d828af22f592134e8932480637c0d', 'agent', 'businessman-black-suit-makes-thumb-up.jpg', 1),
(66, 'Nimish Gelani', 'nimishgelani321@gmail.com', '9863267648', '7c222fb2927d828af22f592134e8932480637c0d', 'buyer', 'images (7).jpg', 1),
(67, 'Maulik Nakrani', 'mauliknakrani98@gmail.com', '8763828562', '7c222fb2927d828af22f592134e8932480637c0d', 'buyer', 'photo-1627161684458-a62da52b51c3.jpg', 1),
(68, 'Sneha Patel', 'snehapatel45@gmail.com', '7893747265', '7c222fb2927d828af22f592134e8932480637c0d', 'buyer', 'download (1).jpg', 1),
(69, 'Dhruvi Rathod', 'dhruvirathod65@gmail.com', '9673542685', '7c222fb2927d828af22f592134e8932480637c0d', 'buyer', 'MB-Womens-Professional-Business-Portrait-01.jpg', 1),
(70, 'Ridhi Dobariya', 'Ridhidobariya98@gmail.com', '7898653466', '7c222fb2927d828af22f592134e8932480637c0d', 'buyer', '7771683223d86b237a3304d6f32828b9.jpg', 1),
(71, 'Ravi Kakadiya', 'ravikakdiya07@gmail.com', '9767564645', '7c222fb2927d828af22f592134e8932480637c0d', 'buyer', 'elegant-businessman-office.jpg', 1),
(72, 'Jay Chanchad', 'jaychanchd22@gmail.com', '9510096610', '7c222fb2927d828af22f592134e8932480637c0d', 'buyer', 'handsome-young-man-student-businessman-jacket-holds-his-arms-crossed-isolated-light-grey-wall.jpg', 1),
(73, 'rajan', 'rajansavaliya21@gmail.com', '6454884884', '7c222fb2927d828af22f592134e8932480637c0d', 'buyer', 'businessman-with-arms-crossed-smiling.jpg', 1),
(74, 'dharmesh', 'dharmeshdiyora54@gmail.com', '8456465535', '7c222fb2927d828af22f592134e8932480637c0d', 'buyer', 'beautiful-young-man-student-businessman-jacket-holds-his-arms-crossed-isolated-light-grey-wall.jpg', 1),
(75, 'Dharmesh Diyora', 'dharmeshdiyora4@gmail.com', '6839742937', '7c222fb2927d828af22f592134e8932480637c0d', 'buyer', 'male.jpg', 1),
(76, 'Dhruvin Kheni', 'dhruvinkheni87@gmail.com', '9876456823', '7c222fb2927d828af22f592134e8932480637c0d', 'buyer', 'photography-8.jpg', 1),
(77, 'Priya Prajapati', 'priyaprajapati712@gmail.com', '8765563748', '7c222fb2927d828af22f592134e8932480637c0d', 'buyer', 'MB-Womens-Professional-Business-Portrait-01.jpg', 1),
(78, 'Vandan Pipaliya', 'vandangondaliya08@gmail.com', '9556737646', '7c222fb2927d828af22f592134e8932480637c0d', 'buyer', '7771683223d86b237a3304d6f32828b9.jpg', 1),
(79, 'Dhaval Vanjara', 'dhavalvanjara18@gmail.com', '9865634572', '7c222fb2927d828af22f592134e8932480637c0d', 'buyer', 'images (6).jpg', 1),
(80, 'Yachi Patel', 'yachiahir98@gmail.com', '9736537823', '7c222fb2927d828af22f592134e8932480637c0d', 'buyer', 'cheerful-curly-business-girl-wearing-glasses (1).jpg', 1),
(81, 'Kabir Sabalpara', 'kabirsabalpara65@gmail.com', '9736576473', '7c222fb2927d828af22f592134e8932480637c0d', 'buyer', 'portrait-confident-businessman-glasses-with-smartphone.jpg', 1),
(82, 'Jay Domadiya', 'jaydomadiya3101@gmail.com', '8469867408', '7c222fb2927d828af22f592134e8932480637c0d', 'buyer', 'handsome-young-man-student-businessman-jacket-holds-his-arms-crossed-isolated-light-grey-wall.jpg', 1),
(83, 'Viren Tejani', 'virentejani65@gmail.com', '9746738656', '7c222fb2927d828af22f592134e8932480637c0d', 'agent', 'handsome-young-man-student-businessman-jacket-holds-his-arms-crossed-isolated-light-grey-wall.jpg', 1),
(84, 'Vishal Nakrani', 'vishalnakrani76@gmail.com', '9874563876', '7c222fb2927d828af22f592134e8932480637c0d', 'agent', 'business-man-handsome-cute-guy-grey-office-suit.jpg', 1),
(85, 'Dhruvin Vishalpara', 'dhrvinvishalpara90@gmail.com', '7873548245', '7c222fb2927d828af22f592134e8932480637c0d', 'agent', 'businessman-with-arms-crossed-smiling.jpg', 1),
(86, 'Binal Patel', 'binalpatel56@gmail.com', '7973636593', '7c222fb2927d828af22f592134e8932480637c0d', 'agent', 'cheerful-business-woman-glasses (1).jpg', 1),
(87, 'Vivek Lakhani', 'viveklakhni09@gmail.com', '9777634758', '7c222fb2927d828af22f592134e8932480637c0d', 'agent', 'close-up-photo-young-successful-business-man-black-suit.jpg', 1),
(88, 'Jeshvi Patel', 'jeshvipatel98@gmail.com', '9643759693', '7c222fb2927d828af22f592134e8932480637c0d', 'agent', 'cheerful-curly-business-girl-wearing-glasses (1).jpg', 1),
(89, 'Ruchit Mordiya', 'rv782448@gmail.com', '9764527284', '7c222fb2927d828af22f592134e8932480637c0d', 'agent', 'young-successful-businessman-formal-wear-showing-thumb-up-gesture.jpg', 1),
(90, 'Jay Domadiya', 'jaydomadiya01@gmail.com', '9687251789', '7c222fb2927d828af22f592134e8932480637c0d', 'builder', 'confident-young-businessman-suit-standing-with-arms-folded.jpg', 1),
(91, 'Parth Khunt', 'parthkhunt2002@gmail.com', '9735473865', '7c222fb2927d828af22f592134e8932480637c0d', 'builder', 'confident-businessman-posing-outside.jpg', 1),
(92, 'Mitali Patel', 'mitalipatel09@gmail.com', '9874565839', '7c222fb2927d828af22f592134e8932480637c0d', 'builder', 'closeup-happy-pretty-indian-business-woman (1).jpg', 1),
(93, 'Bhavik Patel', 'bhavikpatel32@gmail.com', '9764627482', '7c222fb2927d828af22f592134e8932480637c0d', 'builder', 'handsome-young-businessman-portrait.jpg', 1),
(94, 'Yash Padsala', 'yashpadsala09@gmail.com', '9874563287', '7c222fb2927d828af22f592134e8932480637c0d', 'builder', 'confident-young-businessman-suit-standing-with-arms-folded.jpg', 1),
(95, 'Rohini Bhavsar', 'rohinibhavsar90@gmail.com', '9876375638', '7c222fb2927d828af22f592134e8932480637c0d', 'builder', 'portrait-happy-woman-with-digital-tablet (1).jpg', 1),
(96, 'Komal Radadiya', 'komalradadiya432@gmail.com', '7387329725', '7c222fb2927d828af22f592134e8932480637c0d', 'builder', 'smiling-confident-businesswoman-posing-with-arms-folded (1).jpg', 1),
(97, 'Jiya Patel', 'jiyapatel21@gmail.com', '9846387578', '7c222fb2927d828af22f592134e8932480637c0d', 'builder', 'cheerful-business-woman-glasses (1).jpg', 1),
(98, 'Hitesh Godhani', 'hiteshgodhani98@gmail.com', '9736527658', '7c222fb2927d828af22f592134e8932480637c0d', 'builder', 'proud-young-executive-ready-start.jpg', 1),
(99, 'Hitesh Patel', 'hiteshpatel21@gmail.com', '9823784387', 'f7c3bc1d808e04732adf679965ccc34ca7ae3441', 'buyer', 'young-handsome-business-man-choosing-car-car-showroom.jpg', 1);

--
-- Indexes for dumped tables
--

--
-- Indexes for table `about`
--
ALTER TABLE `about`
  ADD PRIMARY KEY (`id`);

--
-- Indexes for table `admin`
--
ALTER TABLE `admin`
  ADD PRIMARY KEY (`aid`);

--
-- Indexes for table `city`
--
ALTER TABLE `city`
  ADD PRIMARY KEY (`cid`);

--
-- Indexes for table `codes`
--
ALTER TABLE `codes`
  ADD PRIMARY KEY (`id`);

--
-- Indexes for table `contact`
--
ALTER TABLE `contact`
  ADD PRIMARY KEY (`cid`);

--
-- Indexes for table `feedback`
--
ALTER TABLE `feedback`
  ADD PRIMARY KEY (`fid`);

--
-- Indexes for table `property`
--
ALTER TABLE `property`
  ADD PRIMARY KEY (`pid`);

--
-- Indexes for table `request`
--
ALTER TABLE `request`
  ADD PRIMARY KEY (`id`);

--
-- Indexes for table `state`
--
ALTER TABLE `state`
  ADD PRIMARY KEY (`sid`);

--
-- Indexes for table `user`
--
ALTER TABLE `user`
  ADD PRIMARY KEY (`uid`);

--
-- AUTO_INCREMENT for dumped tables
--

--
-- AUTO_INCREMENT for table `about`
--
ALTER TABLE `about`
  MODIFY `id` int(10) NOT NULL AUTO_INCREMENT, AUTO_INCREMENT=4;

--
-- AUTO_INCREMENT for table `admin`
--
ALTER TABLE `admin`
  MODIFY `aid` int(10) NOT NULL AUTO_INCREMENT, AUTO_INCREMENT=22;

--
-- AUTO_INCREMENT for table `city`
--
ALTER TABLE `city`
  MODIFY `cid` int(50) NOT NULL AUTO_INCREMENT, AUTO_INCREMENT=29;

--
-- AUTO_INCREMENT for table `codes`
--
ALTER TABLE `codes`
  MODIFY `id` int(11) NOT NULL AUTO_INCREMENT, AUTO_INCREMENT=31;

--
-- AUTO_INCREMENT for table `contact`
--
ALTER TABLE `contact`
  MODIFY `cid` int(50) NOT NULL AUTO_INCREMENT, AUTO_INCREMENT=9;

--
-- AUTO_INCREMENT for table `feedback`
--
ALTER TABLE `feedback`
  MODIFY `fid` int(50) NOT NULL AUTO_INCREMENT, AUTO_INCREMENT=9;

--
-- AUTO_INCREMENT for table `property`
--
ALTER TABLE `property`
  MODIFY `pid` int(50) NOT NULL AUTO_INCREMENT, AUTO_INCREMENT=99;

--
-- AUTO_INCREMENT for table `request`
--
ALTER TABLE `request`
  MODIFY `id` int(11) NOT NULL AUTO_INCREMENT, AUTO_INCREMENT=20;

--
-- AUTO_INCREMENT for table `state`
--
ALTER TABLE `state`
  MODIFY `sid` int(50) NOT NULL AUTO_INCREMENT, AUTO_INCREMENT=10;

--
-- AUTO_INCREMENT for table `user`
--
ALTER TABLE `user`
  MODIFY `uid` int(50) NOT NULL AUTO_INCREMENT, AUTO_INCREMENT=100;
COMMIT;

/*!40101 SET CHARACTER_SET_CLIENT=@OLD_CHARACTER_SET_CLIENT */;
/*!40101 SET CHARACTER_SET_RESULTS=@OLD_CHARACTER_SET_RESULTS */;
/*!40101 SET COLLATION_CONNECTION=@OLD_COLLATION_CONNECTION */;
